"","LR-NEG-349","LR324neg","LR343neg","LR347neg","LR352-Neg","LR353-neg","LR355-NEG","LR356neg","LR391neg","LR394neg"
"CCTGTTCGATACCCGCACTTTCGAGCTTCAGCGTCAGTTGCGCTCCAGTGAGCTGCCTTCGCAATCGGAGTTCTTCGTGATATCTAAGCATTTCACCGCTACACCACGAATTCCGCCCACTTTGTGCGTACTCAAGGAAACCAGTTCGCGCTGCAGTTCAGATGTTGAGCATCTACATTTCACAACACGCTTAATCTCCGGCCTACGCTCCCTTTAAACCCAATAAATCCGGATAACGCCCGGACCTTCCGTATTACCGCGGCTGCTGGCACGGAATTAGCCGGTCCTTATTCATAAGGTACATGCAAAAAGTCTCACGAGACTCACTTTATTCCCTTATAAAAGCAGTTTACAACCCATAGGGCCGTCTTCCTGCACGCTACTTGGCTGGTTCAGACTCTCGTCCATTGACCAATATTCCTCA",0,0,0,0,63,0,0,0,0,0
"CCTGTTTGCTCCCCACGCTTTCGCACCTGAGCGTCAGTCTTCGTCCAGGGGGCCGCCTTCGCCACCGGTATTCCTCCAGATCTCTACGCATTTCACCGCTACACCTGGAATTCTACCCCCCTCTACGAGACTCAAGCTTGCCAGTATCAGATGCAGTTCCCAGGTTGAGCCCGGGGATTTCACATCTGACTTAACAAACCGCCTGCGTGCGCTTTACGCCCAGTAATTCCGATTAACGCTTGCACCCTCCGTATTACCGCGGCTGCTGGCACGGAGTTAGCCGGTGCTTCTTCTGCGGGTAACGTCAATGAGCAAAGGTATTAACTTTACTCCCTTCCTCCCCGCTGAAAGTACTTTACAACCCGAAGGCCTTCTTCATACACGCGGCATGGCTGCATCAGGCTTGCGCCCATTGTGCAATATTCCCCA",0,0,0,18,32,0,0,0,0,0
"CCTGTTTGATCCCCACGCTTTCGCACATCAGCGTCAGTTACAGACCAGAAAGTCGCCTTCGCCACTGGTGTTCCTCCATATCTCTGCGCATTTCACCGCTACACATGGAATTCCACTTTCCTCTTCTGCACTCAAGTTTTCCAGTTTCCAATGACCCTCCACGGTTGAGCCGTGGGCTTTCACATCAGACTTAAAAAACCGCCTACGCGCGCTTTACGCCCAATAATTCCGGATAACGCTTGCCACCTACGTATTACCGCGGCTGCTGGCACGTAGTTAGCCGTGGCTTTCTGATTAGGTACCGTCAAGATGTGCACAGTTACTTACACATATGTTCTTCCCTAATAACAGAGTTTTACGATCCGAAGACCTTCATCACTCACGCGGCGTTGCTCCGTCAGGCTTTCGCCCATTGCGGAAGATTCCCTA",36,0,0,0,0,0,0,0,0,0
"CCTGTTTGCTACCCACACTTTCGAGCCTCAGCGTCAGTTGGTGCCCAGTAGGCCGCCTTCGCCACTGGTGTTCCTCCCGATATCTACGCATTCCACCGCTACACCGGGAATTCCGCCTACCTCTGCACTACTCAAGAAAAACAGTTTTGAAAGCAGTTCATGGGTTGAGCCCATGGATTTCACTTCCAACTTGTTCTCCCGCCTGCGCTCCCTTTACACCCAGTAATTCCGGACAACGCTTGTGACCTACGTTTTACCGCGGCTGCTGGCACGTAGTTAGCCGTCACTTCCTTGTTGAGTACCGTCATTATCTTCCTCAACAACAGGAGTTTACAATCCGAAGACCTTCTTCCTCCACGCGGCGTCGCTGCATCAGGGTTTCCCCCATTGTGCAATATTCCCCA",0,0,0,22,0,0,0,0,0,0
"CCTGTTTGATACCCGCACTTTCGAGCCTCAGCGTCAGTTGCACCCCGGATACCTGCCTTCGCGATCGGAGTTCTTCATGATATCTGAGCATTTCACCGCTACACCATGAATTCCAGCATCCCTGTGTGCACTCAAGACTCCCAGTATCAACTGCAGTCCGACGGTTGAGCCGCCGTATTTCACAACTGACTTAAGAGTCCGCCTGCGCTCCCTTTAAACCCAATAAATCCGGATAACGCCTGGACCTTCCGTATTACCGCGGCTGCTGGCACGGAATTAGCCGGTCCTTTTTCTGATGGTACATACAAAACAGCTCACGAGCTGCACTTTATTCCCAACTAAAAGCAGTTTACAACCCGGAGGGCCGTCATCCTGCACGCTACTTGGCTGGTTCAGACTTGCGTCCATTGACCAATATTCCTCA",0,0,0,0,22,0,0,0,0,0
"CCTGTTTGCTACCCACACTTTCGAGCCTCAGCGTCAGTTGGTGCCCAGTAGGCCGCCTTCGCCACTGGTGTTCCTCCCGATATCTACGCATTCCACCGCTACACCGGGAATTCCGCCTACCTCTGCACTACTCAAGAAAAACAGTTTTGAAAGCAGTTCATGGGTTGAGCCCATGGATTTCACTTCCAACTTGTCTTCCCGCCTGCGCTCCCTTTACACCCAGTAATTCCGGACAACGCTTGTGACCTACGTTTTACCGCGGCTGCTGGCACGTAGTTAGCCGTCACTTCCTTGTTGAGTACCGTCATTATCTTCCTCAACAACAGGAGTTTACAATCCGAAGACCTTCTTCCTCCACGCGGCGTCGCTGCATCAGGGTTTCCCCCATTGTGCAATATTCCCCA",0,0,0,0,22,0,0,0,0,0
"CCTGTTTGATACCCACACTTTCGAGCATCAGTGTCAGTTGCAGTCCAGTGAGCTGCCTTCGCAATCGGAGTTCTTCGTGATATCTAAGCATTTCACCGCTACACCACGAATTCCGCCCACCTCTACTGTACTCAAGACAGCCAGTATCAACTGCAATTTTACGGTTGAGCCGCAAACTTTCACAACTGACTTAACTGTCCACCTACGCTCCCTTTAAACCCAATAAATCCGGATAACGCTCGGATCCTCCGTATTACCGCGGCTGCTGGCACGGAGTTAGCCGATCCTTATTCATATGGTACATACAAAATTCCACACGTGGAAAACTTTATTCCCATATAAAAGAAGTTTACAACCCATAGGGCAGTCATCCTTCACGCTACTTGGCTGGTTCAGGCCTGCGCCCATTGACCAATATTCCTCA",0,0,0,21,0,0,0,0,0,0
"CCTGTTTGCTCCCCACGCTTTCGAGCCTCAACGTCAGTTACAGTCCAGTAAGCCGCCTTCGCCACTGGTGTTCCTCCTAATATCTACGCATTTCACCGCTACACTAGGAATTCCGCTTACCTCTCCTGCACTCCAGCTGCACAGTTTCCAAAGCAGTTCCATGGTTAAGCCATGGGATTTCACTTCAGACTTGCGCTGCCGTCTACGCTCCCTTTACACCCAGTAAATCCGGATAACGCTTGCCCCCTACGTATTACCGCGGCTGCTGGCACGTAGTTAGCCGGGGCTTCTTAGTCAGGTACCGTCATTTTCTTCCCTGCTGATAGAGCTTTACATACCGAAATACTTCTTCACTCACGCGGCGTCGCTGCATCAGGGTTTCCCCCATTGTGCAATATTCCCCA",0,0,0,0,0,0,0,18,0,0
"CCTGTTTGCTACCCACACTTTCGAGCCTCAGCGTCAGTTGGTGCCCAGTAGGCCGCCTTCGCCACTGGTGTTCCTCCCGATATCTACGCATTCCACCGCTACACCGGGAATTCCGCCTACCTCTGCACTACTCAAGAAAAACAGTTTTGAAAGCAGTTTATGGGTTGAGCCCATAGATTTCACTTCCAACTTGTCTTCCCGCCTGCGCTCCCTTTACACCCAGTAATTCCGGACAACGCTTGTGACCTACGTTTTACCGCGGCTGCTGGCACGTAGTTAGCCGTCACTTCCTTGTTGGGTACCGTCATTATCTTCCCCAACAACAGGAGTTTACAATCCGAAGACCTTCTTCCTCCACGCGGCGTCGCTGCATCAGGGTTTCCCCCATTGTGCAATATTCCCCA",0,0,0,0,17,0,0,0,0,0
"CCTGTTTGCTCCCCACGCTTTCGTGCCTCAGCGTCAGTTACAGTCCAGAGAGCCGCCTTCGCTACTGGTGTTCCTCCTAATATCTACGCATTTCACCGCTACACTAGGAATTCCACTCTCCTCTCCTGCACTCAAGTCCTCCAGTTTCAAGAGCTTACTACGGTTGAGCCGTAGCCTTTCACTCCTGACTTAAAAGACCGCCTACGCACCCTTTACGCCCAGTAAATCCGGATAACGCTAGCCCCCTACGTATTACCGCGGCTGCTGGCACGTAGTTAGCCGGGGCTTCCTCCTCAAGTACCGTCATTATCTTCCTTGAGGACAGAGCTTTACGACCCGAAGGCCTTCATCGCTCACGCGGCGTTGCTGCATCAGGCTTTCGCCCATTGTGCAATATTCCCCA",0,0,0,0,17,0,0,0,0,0
"CCTGTTTGCTCCCCACGCTTTCGCACCTCAGCGTCAATACATGTCCAGTCAGCCGCCTTCGCCACTGGTGTTCTTCCGAATATCTACGAATTTCACCTCTACACTCGGAATTCCACTGACCTCTCCATGATTCAAGCGATGCAGTCTAAAAGGCAATTCCAGAGTTGAGCTCTGGGCTTTCACCTCTTACTTACAAAGCCGCCTACGTGCGCTTTACGCCCAGTAATTCCGAATAACGCTAGCTCCCTCCGTATTACCGCGGCTGCTGGCACGGAGTTAGCCGGAGCTTATTCTCCCGGTACTGTCATTATCATCCCGGGTAAAAGAGCTTTACAACCCTAAGGCCTTCATCACTCACGCGGCATTGCTGGATCAGGCTTTCGCCCATTGTCCAATATTCCCCA",5,0,0,0,0,0,11,0,0,0
"CCTGTTCGATACCCGCACTTTCGAGCTTCAGCGTCAGTTGCGCTCCAGTGAGCTGCCTTCGCAATCGGAGTTCTTCGTGATATCTAAGCATTTCACCGCTACACCACGAATTCCGCCCACTTTGTGCGTACTCAAGGAAACCAGTTCGCGCTGCAGTGCAGACGTTGAGCGTCTACATTTCACAACACGCTTAATCTCCGGCCTACGCTCCCTTTAAACCCAATAAATCCGGATAACGCCCGGACCTTCCGTATTACCGCGGCTGCTGGCACGGAATTAGCCGGTCCTTATTCATAAGGTACATGCAAAAAGCCTCACGAGGCTCACTTTATTCCCTTATAAAAGCAGTTTACAACCCATAGGGCCGTCATCCTGCACGCTACTTGGCTGGTTCAGACTCTCGTCCATTGACCAATATTCCTCA",0,0,0,0,16,0,0,0,0,0
"CCTGTTTGCTCCCCACGCTTTCGAGCCTCAACGTCAGTTACCGTCCAGTAAGCCGCCTTCGCCACTGGTGTTCCTCCTAATATCTACGCATTTCACCGCTACACTAGGAATTCCGCTTACCTCTCCGGTACTCTAGATTGACAGTTTCCAATGCAGTCCCGGGGTTGAGCCCCGGGTTTTCACATCAGACTTGCCACTCCGTCTACGCTCCCTTTACACCCAGTAAATCCGGATAACGCTTGCACCATACGTATTACCGCGGCTGCTGGCACGTATTTAGCCGGTGCTTCTTAGTCAGGTACCGTCATTTTCTTCCCTGCTGATAGAGCTTTACATACCGAAATACTTCATCGCTCACGCGGCGTCGCTGCATCAGGGTTTCCCCCATTGTGCAATATTCCCCA",0,0,0,0,16,0,0,0,0,0
"CCTGTTTGATACCCACACTTTCGAGCCTCAATGTCAGTTGCAGCTTAGCAGGCTGCCTTCGCAATCGGAGTTCTTCGTGATATCTAAGCATTTCACCGCTACACCACGAATTCCGCCTGCCTCAACTGCACTCAAGATATCCAGTATCAACTGCAATTTTACGGTTGAGCCGCAAACTTTCACAACTGACTTAAACATCCATCTACGCTCCCTTTAAACCCAATAAATCCGGATAACGCTCGGATCCTCCGTATTACCGCGGCTGCTGGCACGGAGTTAGCCGATCCTTATTCATAAAGTACATGCAAACGGGTATCCATACCCGACTTTATTCCTTTATAAAAGAAGTTTACAACCCATAGGGCAGTCATCCTTCACGCTACTTGGCTGGTTCAGGCTCTCGCCCATTGACCAATATTCCTCA",2,0,0,0,12,0,0,0,0,0
"CCTGTTTGCTCCCCACGCTTTCGAGCCTCAACGTCAGTTACAGTCCAGTAAGCCGCCTTCGCCACTGGTGTTCCTCCTAATATCTACGCATTTCACCGCTACACTAGGAATTCCACTTACCTCTCCTGCACTCCAGCCGTACAGTTTCCAGAGCAGTCCGGGGGTTGAGCCCCCGCCTTTCACTCCAGACTTGCACTGCCGTCTACGCTCCCTTTACACCCAGTAAATCCGGATAACGCTTGCCCCCTACGTATTACCGCGGCTGCTGGCACGTAGTTAGCCGGGGCTTCTTAGTCAGGTACCGTCATTTTCTTCCCTGCTGATAGAGCTTTACATACCGAAATACTTCTTCACTCACGCGGCGTCGCTGCATCAGGGTTTCCCCCATTGTGCAATATTCCCCA",0,0,0,0,0,0,0,14,0,0
"CCTGTTTGCTACCCACGCTTTCGCACCTCAGTGTCAGTGTCAGTCCAGAAGGCCGCCTTCGCCACTGGTATTCCTCCCGATCTCTACGCATTTCACCGCTACACCGGGAATTCTACCTTCCTCTCCTGCACTCTAGCTTGACAGTTCCGGATGCCGTTCCCAGGTTGAGCCCGGGGCTTTCACAACCGGCTTATCAAGCCACCTACGCGCGCTTTACGCCCAGTAATTCCGATTAACGCTCGCACCCTCCGTATTACCGCGGCTGCTGGCACGGAGTTAGCCGGTGCTTCTTCTGTGAGTGATGTCTTTCCTGATGGGTATTAACCACCAGGCGTTCTTCCTCACTGAAAGTGCTTTACAACCCGAGGGCCTTCTTCACACACGCGGCATGGCTGGATCAGGGTTGCCCCCATTGTCCAATATTCCCCA",0,0,0,0,0,0,0,0,0,13
"CCTGTTTGCTCCCCACGCTTTCGCGCCTCAGTGTCAGTTGCAGACCAGGAAGCCGCCTTCGCCACTGGTGTTCCTCCATATCTCTACGCATTTCACCGCTACACATGGAATTCCACTTCCCTCTTCTGCACTCAAGTCAACCAGTTTCCAATGACCCTCCACGGTTAAGCCGTGGGCTTTCACATCAGACTTAATTAACCACCTGCGCGCTCTTTACGCCCAATAATTCCGGATAACGCTTGCCACCTACGTATTACCGCGGCTGCTGGCACGTAGTTAGCCGTGGCTTTCTCATAAGGTACCGTCAATTGATAGTCATTTCCTCCTATCACCTTTCTTCCCTTATAACAGAATTTTACAACCCGAAGGCCTTCTTCATTCACGCGGCGTTGCTCGGTCAGGCTTTCGCCCATTGCCGAAGATTCCCTA",12,0,0,0,0,0,0,0,0,0
"CCTGTTTGCTCCCCACGCTTTCGAGCCTCAACGTCAGTGATCGTCCAGTAAGCCGCCTTCGCCACTGGTGTTCCTCCTAATATCTACGCATTTCACCGCTACACTAGGAATTCCGCTTACCTCTCCGACACTCTAGTTACATAGTTTCCAATGCAGTCCCGGGGTTGAGCCCCGGGCTTTCACATCAGACTTACACAACCGTCTACGCTCCCTTTACACCCAGTAAATCCGGATAACGCTTGCCCCCTACGTATTACCGCGGCTGCTGGCACGTAGTTAGCCGGGGCTTCTTAGTCAGGTACCGTCATTTTCTTCCCTGCTGATAGAGCTTTACATACCGAAATACTTCTTCACTCACGCGGCGTTGCTGCATCAGGGTTTCCCCCATTGTGCAATATTCCCCA",0,0,0,12,0,0,0,0,0,0
"CCTGTTCGATACCCGCACTTTCGAGCTTCAGCGTCAGTTGCGCTCCAGTGAGCTGCCTTCGCAATCGGAGTTCTTCGTGATATCTAAGCATTTCACCGCTACACCACGAATTCCGCCCACTTTGTGCGTACTCAAGGAAACCAGTTCGCGCTGCAGTGCAGACGTTGAGCGTCTACATTTCACAACACGCTTAATCTCCGGCCTACGCTCCCTTTAAACCCAATAAATCCGGATAACGCCCGGACCTTCCGTATTACCGCGGCTGCTGGCACGGAATTAGCCGGTCCTTATTCATAAGGTACATGCAAAAAGTCTCACGAGACTCACTTTATTCCCTTATAAAAGCAGTTTACAACCCATAGGGCCGTCTTCCTGCACGCTACTTGGCTGGTTCAGACTCTCGTCCATTGACCAATATTCCTCA",0,0,0,0,12,0,0,0,0,0
"CCTGTTTGCTCCCCACGCTTTCGAGCCTCAGCGTCAGTTATCGTCCAGTAAGCCGCCTTCGCCACTGGTGTTCCTCCTAATATCTACGCATTTCACCGCTACACTAGGAATTCCGCTTACCCCTCCGACACTCTAGTACGACAGTTTCCAATGCAGTACCGGGGTTGAGCCCCGGGCTTTCACATCAGACTTGCCGCACCGCCTGCGCTCCCTTTACACCCAGTAAATCCGGATAACGCTTGCACCATACGTATTACCGCGGCTGCTGGCACGTATTTAGCCGGTGCTTCTTAGTCAGGTACCGTCATTATCTTCCCTGCTGATAGAGCTTTACATACCGAAATACTTCTTCGCTCACGCGGCGTCGCTGCATCAGGCTTTCGCCCATTGTGCAATATTCCCCA",0,0,0,0,12,0,0,0,0,0
"CCTGTTTGCTACCCACGCTTTCGAACCTCAGCGTCAGTTACAGACCAGAGAGCCGCTTTCGCCACTGGTGTTCTTCCATATATCTACGCATTTCACCGCTACACATGGAGTTCCACTCTCCTCTTCTGCACTCAAGTCTCCCAGTTTCCAATGCACTACTCCGGTTAAGCCGAAGGCTTTCACATCAGACTTAAAAGACCGCCTGCGTTCCCTTTACGCCCAATAAATCCGGATAACGCTTGCCACCTACGTATTACCGCGGCTGCTGGCACGTAGTTAGCCGTGGCTTTCTGGTTAGATACCGTCGAAACGTGAACAGTTACTCTCACGCACTTTCTTCTCTAACAACAGGGTTTTACGATCCGAAGACCTTCTTCACCCACGCGGCGTTGCTCCATCAGGCTTTCGCCCATTGTGGAAGATTCCCTA",11,0,0,0,0,0,0,0,0,0
"CCTGTTTGCTCCCCACGCTTTCGTGCATGAGCGTCAGTGCAGGCCCAGGGGATTGCCTTCGCCATCGGTGTTCCTCCGCATATCTACGCATTTCACTGCTACACGCGGAATTCCATCCCCCTCTGCCGCACTCCAGCCTTGCAGTCACAAAGGCAGTTCCCAGGTTGAGCCCGGGGATTTCACCTCTGTCTTACAAGACCGCCTGCGCACGCTTTACGCCCAGTAATTCCGATTAACGCTTGCACCCTACGTATTACCGCGGCTGCTGGCACGTAGTTAGCCGGTGCTTATTCTTACGGTACCGTCATGACTCCAGGGTATTAACCCGAAGCTTTTCGTTCCGTACAAAAGCAGTTTACAACCCGAAGGCCTTCATCCTGCACGCGGCATTGCTGGATCAGGCTTTCGCCCATTGTCCAAAATTCCCCA",0,2,0,0,0,0,2,0,0,7
"CCTGTTTGCTCCCCACGCTTTCGCGCCTCAGCGTCAGTTGTCGTCCAGAAAGTCGCCTTCGCCACCGGTGTTCTTCCTAATCTCTACGCATTTCACCGCTACACTAGGAATTCCACTTTCCTCTCCGATACTCCAGCTTCCCAGTTTCCATCCCATCACGGGGTTAAGCCCCGCACTTTTAAGATGGACTTAGAAAGCCGCCTGCGCGCGCTTTACGCCCAATAATTCCGGACAACGCTTGCCACCTACGTATTACCGCGGCTGCTGGCACGTAGTTAGCCGTGGCTTGCTATTCGGGTACCGTCACTTCCATAAGGTATTAGCTTACGGACCGTTCGTCCCCGATCACAGAGCTTTACAACCCGAAGGCCGTCATCACTCACGCGGCGTTGCTCCGTCAGGCTTTCGCCCATTGCGGAAGATTCCCCA",0,0,0,0,11,0,0,0,0,0
"CCTGTTTGATACCCACACTTTCGAGCATCAGTGTCAGTTGCAGTCCAGTGAGCTGCCTTCGCAATCGGAGTTCTTCGTGATATCTAAGCATTTCACCGCTACACCACGAATTCCGCCCACCTCTACTGTACTCAAGACTGACAGTATCAACTGCAATTTTACGGTTGAGCCGCAAACTTTCACAACTGACTTACCAGTCCACCTACGCTCCCTTTAAACCCAATAAATCCGGATAACGCTCGGATCCTCCGTATTACCGCGGCTGCTGGCACGGAGTTAGCCGATCCTTATTCATATAATACATACAAAACAGTATACATACTGCACTTTATTCTTATATAAAAGAAGTTTACGACCCATAGAGCCTTCATCCTTCACGCTACTTGGCTGGTTCAGGCTAGCGCCCATTGACCAATATTCCTCA",0,0,0,0,0,0,0,0,11,0
"CCTGTTTGCTCCCCACGCTTTCGCACCTCAGTGTCAGTATCAGTCCAGGTGGTCGCCTTCGCCACTGGTGTTCCTTCCTATATCTACGCATTTCACCGCTACACAGGAAATTCCACCACCCTCTACCGTACTCTAGCTTGCCAGTTTTGGATGCAGTTCCCAGGTTGAGCCCGGGGCTTTCACATCCAACTTAACAAACCACCTACGCGCGCTTTACGCCCAGTAATTCCGATTAACGCTTGCACCCTCTGTATTACCGCGGCTGCTGGCACAGAGTTAGCCGGTGCTTATTCTGTCGGTAACGTCAAAACAGCAAGGTATTAACTTACTGCCCTTCCTCCCAACTTAAAGTGCTTTACAATCCGAAGACCTTCTTCACACACGCGGCATGGCTGGATCAGGCTTTCGCCCATTGTCCAATATTCCCCA",0,0,0,0,0,0,0,0,0,11
"CCTGTTCGCTACCCATGCTTTCGAGCCTCAGCGTCAGTTACAGACCAGAGAGCCGCCTTCGCCACTGGTGTTCTTCCATATATCTACGCATTCCACCGCTACACATGGAGTTCCACTCTCCTCTTCTGCACTCAAGAAACACAGTTTCCGATGCAATTCCTCGGTTAAGCCGGGGGCTTTCACATCAGACTTATCTTTCCGCCTGCGCTCGCTTTACGCCCAATAAATCCGGACAACGCTTGCCACCTACGTATTACCGCGGCTGCTGGCACGTAGTTAGCCGTGACTTTCTGGTTGATTACCGTCAAATAGGGGCCAGTTACTACCTCTATCCTTCTTCACCAACAACAGAGCTTTACGATCCGAAAACCTTCTTCACTCACGCGGCGTTGCTCCATCAGGCTTTCGCCCATTGTGGAAGATTCCCTA",10,0,0,0,0,0,0,0,0,0
"CCTGTTTGCTCCCCACGCTTTCGTGCCTCAGCGTCAGTTAAAGACCAGTAAGCTGCCTACGCTATTGGTATTCCTTATGATATCTAAGCATTTCACTACTACACCATAAATTCTACCTACCTCTTCTTAACTCAAGCCTAATAGTATCAATCGCAGTTCTAGCGTTAAGCACTAGGATTTCACAACTGACTTAATAAGCCGCCTACGCACCCTTTAAACCCAATAAAACCGGATAACGCTTGCACCTTCCGTATTACCGCGGCTGCTGGCACGGAATTAGCCGGTGCTTATTCTTACAGTACTCTCAAGAACCCCCTCAGGGGCTTTTTTGCTCGTGTACAAAAGCAGTTTACAACTCAGAGAGCTTTCATCCTGCACGCGGCATGGCTGGTTCAGGCTTGCGCCCATTGACCAATATTCCCTA",0,0,0,10,0,0,0,0,0,0
"CCTGTTTGCTCCCCACGCTTTCGTGCCTCAGTGTCAGTTACAGTCCAGAAAGCCGCCTTCGCTACTGGTGTTCCTCCTAATATCTACGCATTTCACCGCTACACTAGGAATTCCACTTTCCTCTCCTGCACTCAAGTTTCCCAGTTTCAAGAGCTTACTACGGTTGAGCCGTAGCCTTTCACTCCTGACTTAAGAAACCACCTACGCACCCTTTACGCCCAGTAAATCCGGATAACGCTAGCCCCCTACGTATTACCGCGGCTGCTGGCACGTAGTTAGCCGGGGCTTCCTCCTCAAGTACCGTCATTATCTTCCTTGAGGACAGAGCTTTACGACCCGAAGGCCTTCATCGCTCACGCGGCGTTGCTGCATCAGGCTTTCGCCCATTGTGCAATATTCCCCA",0,0,0,0,10,0,0,0,0,0
"CCTGTTTGCTCCCCACGCTTTCGAGCCTCAGCGTCAGTTACAGTCCAGAGAAGCGCCTTCGCCACTGGTGTTCTTCCTAATCTCTACGCATTTCACCGCTACACTAGGAATTCCCTTCTCCTCTCCTGCACTCTAGACTTCCAGTTTGAAATGCAGCACTCAGGTTAAGCCCGAGTATTTCACATCTCACTTAAAAATCCGCCTACGCTCCCTTTACGCCCAGTAAATCCGGACAACGCTCGCCACCTACGTATTACCGCGGCTGCTGGCACGTAGTTAGCCGTGGCTTCCTCCTCAGGTACCGTCATTATCGTCCCTGAAGACAGAGCTTTACAACCCGAAGGCCGTCATCACTCACGCGGCGTTGCTGCATCAGGGTTTCCCCCATTGTGCAATATTCCCCA",0,0,0,0,10,0,0,0,0,0
"CCTGTTTGCTCCCCACGCTTTCGCACCTCAGCGTCAGTAATGGACCAGTGAGCCGCCTTCGCCACTGGTGTTCCTCCGAATATCTACGAATTTCACCTCTACACTCGGAATTCCACTCACCTCTTCCATACTCTAGATCGACAGTATCAAAGGCAGTTCCAGGGTTAAGCCCTGGGATTTCACCCCTGACTGATCGATCCGCCTACGTGCGCTTTACGCCCAGTAATTCCGAACAACGCTAGCCCCCTTCGTATTACCGCGGCTGCTGGCACGAAGTTAGCCGGGGCTTCTTCTCCGGATACCGTCATTATCTTCTCCGGTGAAAGAGCTTTACAACCCTAAGGCCTTCATCACTCACGCGGCATGGCTGGATCAGGCTTGCGCCCATTGTCCAATATTCCCCA",0,0,0,0,0,0,0,0,0,10
"CCTGTTCGCTCCCCACGCTTTCGAGCCTCAGCGTCAGTTACAGACCAGAGAGCCGCTTTCGCCACCGGTGTTCCTCCATATATCTACGCATTTCACCGCTACACATGGAATTCCACTCTCCCCTTCTGCACTCAAGTTTGACAGTTTCCAAAGCGAACTATGGTTGAGCCACAGCCTTTAACTTCAGACTTATCAAACCGCCTGCGCTCGCTTTACGCCCAATAAATCCGGACAACGCTCGGGACCTACGTATTACCGCGGCTGCTGGCACGTAGTTAGCCGTCCCTTTCTGGTAAGCTACCGTCACAGTGTGAACTTTCCACTCTCACACTCGTTCTTGACTTACAACAGAGCTTTACGATCCGAAAACCTTCTTCACTCACGCGGCGTTGCTCGGTCAGGGTTGCCCCCATTGCCGAAGATTCCCTA",0,0,0,9,0,0,0,0,0,0
"CCTGTTTGCTCCCCACGCTTTCGAGCCTCAACGTCAGTTACCGTCCAGTAAGCCGCCTTCGCCACTGGTGTTCCTCCTAATATCTACGCATTTCACCGCTACACTAGGAATTCCGCTTACCCCTCCGGCACTCAAGTATGACAGTTTCCAATGCAGTCCACAGGTTGAGCCCATGCCTTTCACATCAGACTTGCCACACCGTCTACGCTCCCTTTACACCCAGTAAATCCGGATAACGCTTGCCCCCTACGTATTACCGCGGCTGCTGGCACGTAGTTAGCCGGGGCTTCTTAGTCAGGTACCGTCACTATCTTCCCTGCTGATAGAAGTTTACATACCGAGATACTTCTTCCTTCACGCGGCGTCGCTGCATCAGGGTTTCCCCCATTGTGCAATATTCCCCA",0,0,0,0,9,0,0,0,0,0
"CCTGTTTGCTCCCCACGCTTTCGAGCCTCAGCGTCAGTAATCGTCCAGTAAGCCGCCTTCGCCACCGGTGTTCCTCCTAATATCTACGCATTTCACCGCTACACTAGGAATTCCGCTTACCCCTCCGACACTCTAGCCTGACAGTTTCAAAAGCAATTCCGGGGTTGAGCCCCAGGCTTTCACTTCTGACTTGCCATGCCGCCTACGCTCCCTTTACACCCAGTAAATCCGGATAACGCTTGCCCCATACGTATTACCGCGGCTGCTGGCACGTATTTAGCCGGGGCTTCTTAGTCAAGTACCGTCATTTTCTTCCTTGCTGATAGAAGTTTACATACCGAAATACTTCTTCCTTCACGCGGCGTCGCTGCATCAGGGTTTCCCCCATTGTGCAATATTCCCTA",0,0,0,0,9,0,0,0,0,0
"CCTGTTTGATACCCACACTTTCGAGCCTCAATGTCAGTTGCAGCTTAGCAGGCTGCCTTCGCAATCGGAGTTCTTCGTGATATCTAAGCATTTCACCGCTACACCACGAATTCCGCCTGCCTCAACTGCACTCAAGACATCCAGTATCAACTGCAATTTTACGGTTGAGCCGCAAACTTTCACAACTGACTTAAACATCCATCTACGCTCCCTTTAAACCCAATAAATCCGGATAACGCTCGGATCCTCCGTATTACCGCGGCTGCTGGCACGGAGTTAGCCGATCCTTATTCATAAAGTACATGCAAACGGGTATGCATACCCGACTTTATTCCTTTATAAAAGAAGTTTACAACCCATAGGGCAGTCATCCTTCACGCTACTTGGCTGGTTCAGGCCATCGCCCATTGACCAATATTCCTCA",0,0,0,8,0,0,0,0,0,0
"CCTGTTTGCTCCCCACGCTTTCGCGCCTCACCGTCAGTTGTCGTCCAGTAATCCGCCTTCGCCACTGGTGTTCTTCCTAATATCTACGCATTTCACCGCTACACTAGGAATTCCGATTACCTCTCCGATACTCAAGGGAAGCAGTTTCAAATGCAGTTCGCGGGTTGAGCCCGCGGATTTCACATCTGACTTGCCTCTCCGGCTGCACGCCCTTTACACCCAGTAAATCCGGACAACGCTTGCCACCTACGTATTACCGCGGCTGCTGGCACGTAGTTAGCCGTGGCTTATTCAAGGGGTACCGTCTTCTACTCTTCCCCCTTAAAAGAAGTTTACAACCCGAAAGCCTTCTTCCTTCACGCGGCGTTGCTGGGTCAGACTTGCGTCCATTGCCCAATATTCCCCA",0,0,0,0,0,0,0,8,0,0
"CCTGTTTGATACCCGCACTTTCGAGCCTCAGCGTCAGTTGCACCCCGGATACCTGCCTTCGCGATCGGAGTTCTTCATGATATCTGAGCATTTCACCGCTACACCATGAATTCCAGCATCCCTGTGTGCACTCAAGACTCCCAGTATCAACTGCAGTCTACGGGTTAAGCCCATAGTTTTCACAGCTGACTTGGCATCCCGCCTACGCTCCCTTTACACCCAGTAATTCCGGACAACGCTTGCCACCTACGTATTACCGCGGCTGCTGGCACGTAGTTAGCCGTGGCTTGCTCCTTAGCTACCGTCATTATTCTTCACTAAGAACAGAAGTTTACAATCCGAAAACCGTCTTCCTTCACGCGGCGTTGCTGCATCAGGGTTTCCCCCATTGTGCAATATTCCCCA",0,0,0,0,7,0,0,0,0,0
"CCTGTTTGCTCCCCACGCTTTCGAGCCTCAACGTCAGTTACCGTCCAGTAAGCCGCCTTCGCCACTGGTGTTCTTCCTAATATCTACGCATTTCACCGCTACACTAGGAATTCCGCTTACCTCTCCGGCACTCGAGCCAGACAGTTTCCAATGCAGTCCCAGGGTTAAGCCCTGGGTTTTCACATCAGACTTGCCTTGCCGTCTACGCTCCCTTTACACCCAGTAAATCCGGATAACGCTTGCCCCCTACGTATTACCGCGGCTGCTGGCACGTAGTTAGCCGGGGCTTCTTAGTCAGGTACCGTCATTATCTTCCCTGCTGATAGAGCTTTACATACCGAAATACTTCTTCGCTCACGCGGCGTCGCTGCATCAGGGTTTCCCCCATTGTGCAATATTCCCCA",0,0,0,0,7,0,0,0,0,0
"CCTGTTTGCTCCCCACGCTTTCGAGCCTCAACGTCAGTTACTGTCCAGTAAGCCGCCTTCGCCACTGGTGTTCCTCCTAATATCTACGCATTTCACCGCTACACTAGGAATTCCGCTTACCTCTCCAGCACTCTAGTTAAACAGTTTCCAAAGCAGTCCCGGGGTTGAGCCCCGGGCTTTCACTTCAGACTTGCTTTACCGTCTACGCTCCCTTTACACCCAGTAAATCCGGATAACGCTTGCCCCCTACGTATTACCGCGGCTGCTGGCACGTAGTTAGCCGGGGCTTCTTAGTCAGGTACCGTCATTATCTTCCCTGCTGATAGAGCTTTACATACCGAAATACTTCTTCGCTCACGCGGCGTCGCTGCATCAGGGTTTCCCCCATTGTGCAATATTCCCCA",0,0,0,0,7,0,0,0,0,0
"CCTGTTTGATACCCACACTTTCGAGCATGAACGTCAGTTACAGTTTAGCAAGCTGCCTTCGCAATCGGGGTTCTTCGTGATATCTAAGCATTTCACCGCTACACCACGAATTCCGCCTGCCTCAACTGCACTCAAGGAAACCAGTATCAACTGCAATTTTACGGTTGAGCCGCAAACTTTCACAACTGACTTAATCTCCCGTCTGCGCTCCCTTTAAACCCAATAAATCCGGATAACGCTCGCATCCTCCGTATTACCGCGGCTGCTGGCACGGAGTTAGCCGATGCTTATTCATACGGTACATACAAAATCCTACACGTAGGAAACTTTATTCCCGTATAAAAGAAGTTTACAATCCGTAGGACCTTCATCCTTCACGCTACTTGGCTGGTTCAGGCTCTCGCCCATTGACCAATATTCCTCA",0,0,0,0,6,0,0,0,0,0
"CCTGTTTGCTCCCCACGCTTTCGAGCCTCAACGTCAGTCATCGTCCAGAAAGCCGCCTTCGCCACTGGTGTTCCTCCTAATATCTACGCATTTCACCGCTACACTAGGAATTCCGCTTTCCTCTCCGACACTCTAGCCTGACAGTTCCAAATGCAGTCCCGGGGTTGAGCCCCGGGCTTTCACATCTGGCTTGCCATGCCGTCTACGCTCCCTTTACACCCAGTAAATCCGGATAACGCTTGCCCCCTACGTATTACCGCGGCTGCTGGCACGTAGTTAGCCGGGGCTTCTTAGTCAGGTACCGTCATTATCTTCCCTGCTGATAGAGCTTTACATACCGAAATACTTCTTCGCTCACGCGGCGTCGCTGCATCAGGGTTTCCCCCATTGTGCAATATTCCCCA",0,0,0,0,6,0,0,0,0,0
"CCTGTTTGCTCCCCACGCTTTCGCGCCTCAGCGTCAGTTACTGTCCAGCAATCCGCCTTCGCCACTGGTGTTCCTCCGTATATCTACGCATTTCACCGCTACACACGGAATTCCGATTGCCTCTCCAGCACTCAAGAACTACAGTTTCAAATGCAGGCCACAGGTTGAGCCCGTGGTTTTCACATCTGACTTGCAATCCCGCCTACACGCCCTTTACACCCAGTAAATCCGGATAACGCTTGCCACCTACGTATTACCGCGGCTGCTGGCACGTAGTTAGCCGTGGCTTATTCCTTAGGTACCGTCACTTGCTTCGTCCCTAAGAAAAGAAGTTTACAACCCGAGGGCCTTCTTCCTTCACGCGGCGTTGCTGGGTCAGGCTTGCGCCCATTGCCCAATATTCCCCA",0,0,0,0,6,0,0,0,0,0
"CCTGTTTGCTCCCCACGCTTTCGAGCCTCAACGTCAGTTACTGTCCAGCAAGCCGCCTTCGCCACTGGTGTTCCTCCTAATATCTACGCATTTCACCGCTACACTAGGAATTCCGCTTGCCTCTCCAGCACTCTAGCCCAACAGTTTCCAAAGCAGTTCCCGGGTTGAGCCCGGGGATTTCACTTCAGACTTGCTGTGCCGTCTACGCTCCCTTTACACCCAGTAAATCCGGATAACGCTTGCCCCCTACGTATTACCGCGGCTGCTGGCACGTAGTTAGCCGGGGCTTCTTAGTCAGGTACCGTCATTATCTTCCCTGCTGATAGAGCTTTACATACCGAAATACTTCTTCGCTCACGCGGCGTCGCTGCATCAGGGTTTCCCCCATTGTGCAATATTCCCCA",0,0,0,0,6,0,0,0,0,0
"CCTGTTCGCTCCCCACGCTTTCGAGCCTCAGCGTCAGTTACAGTCCAGAAAGCCGCCTTCGCCACTGGTGTTCCTCCTAATATCTACGCATTTCACCGCTACACTAGGAATTCCGCTTTCCTCTCCTGCACTCAAGAAAGATAGTTTCCATCCCCTCACGGGGTTGAGCCCCGCACTTTTAAGATAGACTTACCTTCCCGCCTGCGCTCCCTTTACGCCCAATAATTCCGGACAACGCTCGCCACCTACGTATTACCGCGGCTGCTGGCACGTAGTTAGCCGTGGCTTCCTCGTCAGGCACCGTCATTGAAAATGGTTATTCACCATCTCCACATTCGTCCCCGACAACAGAGCTTTACGAGTCGAAACCCTTCTTCACTCACGCGGCGTTGCTCCGTCAGGCTTGCGCCCATTGCGGAAGATTCCCCA",0,0,0,0,6,0,0,0,0,0
"CCTGTTCGATACCCGCACTTTCGAGCTTCAGCGTCAGTTGCGCTCCAGTGAGCTGCCTTCGCAATCGGAGTTCTTCGTGATATCTAAGCATTTCACCGCTACACCACGAATTCCGCCTACCTCTGTTGCACTCAAGGTCGCCAGTATCAACTGCAATTTTACGGTTGAGCCGCAAACTTTCACAACTGACTTAACAACCCGCCTACGCTCCCTTTAAACCCAATAAATCCGGATAACGCTCGGATCCTCCGTATTACCGCGGCTGCTGGCACGGAGTTAGCCGATCCTTATTCATACGGTACATACAAAAAGCCACACGTGGCTAACTTTATTCCCGTATAAAAGAAGTTTACAACCCATAGGGCAGTCATCCTTCACGCTACTTGGCTGGTTCAGACTCTCGTCCATTGACCAATATTCCTCA",0,0,0,0,6,0,0,0,0,0
"CCTGTTTGCTCCCCACGCTTTCGAGCCTCAACGTCAGTGATCGTCCAGTAAGCCGCCTTCGCCACTGGTGTTCCTCCTAATATCTACGCATTTCACCGCTACACTAGGAATTCCGCTTACCTCTCCGACACTCTAGTTACATAGTTTCCAATGCAGTCCCGGGGTTGAGCCCCGGGCTTTCACATCAGACTTACACAACCGTCTACGCTCCCTTTACACCCAGTAAATCCGGATAACGCTTGCCCCCTACGTATTACCGCGGCTGCTGGCACGTAGTTAGCCGGGGCTTCTTAGTCAGGTACCGTCATTTTCTTCCCTGCTGATAGAGCTTTACATACCGAAATACTTCTTCACTCACGCGGCGTCGCTGCATCAGGGTTTCCCCCATTGTGCAATATTCCCCA",0,0,0,0,0,0,0,6,0,0
"CCTGTTTGCTACCCACGCTTTCGCGCTTTAGCGTCAGTATCTGTCCAGTAAGCTGGCTTCCCCATCGGCATTCCTACAAATATCTACGAATTTCACCTCTACACTTGTAGTTCCGCTTACCTCTCCAGTACTCTAGTTATACAGTTTCCAACGCAATACAGAGTTGAGCCCTGCATTTTCACATCAGACTTACATAACCACCTAGACGCGCTTTACGCCCAATAAATCCGGATAACGCTTGTGACATACGTATTACCGCGGCTGCTGGCACGTATTTAGCCGTCACTTCTTCTGTTGGTACCGTCATTTTTTTCTTCCCAACTGAAAGCACTTTACATTCCGAAAAACGTCATCGTGCACACAGAATTGCTGGATCAGACTTTTGGTCCATTGTCCAATATTCCCCA",0,0,0,5,0,0,0,0,0,0
"CCTGTTTGCTCCCCACGCTTTCGTGCATCAGCGTCAGTTGTAGCCTAGATGACCGCCTTCGCCACCGGTGTTCCTCCTAATATCTAAGAATTTCACCTCTACACTAGGAATTCCATCATCCCCTACTACACTCTAGATTAGTAGTTTTGAAAGCAGTTCCGAGGTTAAGCCTCGGGCTTTCACTTCCAACTTACTAAACCGCCTACGCACTCTTTACGCCCAGTAATTCCGAACAACGCTAGCCCCCTCCGTCTTACCGCGGCTGCTGGCACGGAGTTAGCCGGGGCTTTCTTGGTCAGGTACCGTCATTATCTTCCCTGCTGAAAAGGGCTTTACAACCCTAAGGCCTTCGTCACCCACTCGGTATTGCTGGATCAGGCTTTCGCCCATTGTCCAATATTCCCCA",0,0,0,5,0,0,0,0,0,0
"CCTGTTTGCTACCCATGCTTTCGAGCCTCAGCGTCAGTTGGTGCCCAGTAGACCGCCTTCGCCACTGGTGTTCCTCCCGATATCTACGCATTCCACCGCTACACCGGGAATTCCATCTACCTCTGCACTACTCAAGAAAAACAGTTTTGAAAGCAATTCATGGGTTGAGCCCATGGTTTTCACTTCCAACTTGTCTTCCCGCCTGCGCTCCCTTTACACCCAGTAATTCCGGACAACGCTTGCACCCTACGTTTTACCGCGGCTGCTGGCACGTAGTTAGCCGGTGCTTTCTTGTTAGGTACCGTCATTATCGTCCCTAACGACAGGAGTTTACAATCCGAAAACCTTCTTCCTCCACGCGGCGTCGCTGCATCAGGGTTTCCCCCATTGTGCAATATCCCCCA",0,0,0,0,5,0,0,0,0,0
"CCTGTTCGCTCCCCACGCTTTCGTGCCTCAGCGTCAGTTACAGTCCAGAAAGCCGCCTTCGCTACTGGTGTTCCTCCGAATATCTACGCATTTCACCGCTACACTCGGAATTCCGCTTTCCTCTCCTGCACTCTAGCAACTCAGTTTCAGATGCAGTCTCAAGGTTGAGCCCTGAGTTTTCACATCTGACTTAAATCGCCGCCTACGCACCCTTTACACCCAGTAATTCCGGATAACGCTTGCCCCCTACGTATTACCGCGGCTGCTGGCACGTAGTTAGCCGGGGCTTCTTAGTCAGGTACCGTCATGGTTTCTTCCCTGCTGATAGAAGTTTACAATCCGAAGACCTTCATCCTTCACGCGGCGTCGCTGCATCAGGCTTGCGCCCATTGTGCAATATTCCCCA",0,0,0,0,5,0,0,0,0,0
"CCTGTTTGCTCCCCACGCTTTCGCGCCTCAGCGTCAGTTTCAGTCCAGAAAGCCGCCTTCGCCACTGGTGTTCCTACCGATCTCTACGCATTTCACCGCTACACCGGTAATTCCGCTTTCCTCTCCTGCACTCCAGCCCACCAGTATCCAAAGCAATTCCCACCTTGAAAGCAGGACTTTCACTCCAGACTTAGCAGGCCGCCTACGCGCCCTTTACGCCCAATCATTCCGGACAACGCTCGCCCCCTACGTATTACCGCGGCTGCTGGCACGTAGTTAGCCGGGGCTTCCTCCTATGGTACCGTCACTTCCTTCGTCCCATAGGACAGAGGTTTACGAGCCGAAACCCTTCTTCCCTCACGCGGCGTTGCTGGGTCAGGCTTTCGCCCATTGCCCAATATTCCCCA",0,0,0,0,5,0,0,0,0,0
"CCTGTTTGCTCCCCACGCTTTCGAGCCTCAGCGTCAGTTACAGACCAGAGAGCCGCTTTCGCCACCGGTGTTCCTCCATATATCTACGCATTTCACCGCTACACATGGAATTCCACTCTCCCCTTCTGCACTCAAGTCTAACAGTTTCCAAAGCGAACAATGGTTAAGCCACTGCCTTTAACTTCAGACTTATTAAACCGCCTGCGCTCGCTTTACGCCCAATAAATCCGGACAACGCTCGGGACCTACGTATTACCGCGGCTGCTGGCACGTAGTTAGCCGTCCCTTTCTGGTAAGTTACCGTCACTGTGTGAACTTTCCACTCTCACACACGTTCTTCTCTTACAACAGAGCTTTACGATCCGAAAACCTTCTTCACTCACGCGGCGTTGCTCGGTCAGGGTTGCCCCCATTGCCGAAGATTCCCTA",0,0,0,0,5,0,0,0,0,0
"CCTGTTTGCTCCCCACGCTTTCGCACCTCAGTGTCAGTATGAGCCCAGGTGGTCGCCTTCGCCACTGGTGTTCCTTCCTATATCTACGCATTTCACCGCTACACAGGAAATTCCACCACCCTCTGCCCTACTCTAGCTCGCCAGTTTTGGATGCAGTTCCCAGGTTGAGCCCGGGGCTTTCACATTCAACTTAACGAACCACCTACGCGCGCTTTACGCCCAGTAATTCCGATTAACGCTTGCACCCTCTGTATTACCGCGGCTGCTGGCACAGAGTTAGCCGGTGCTTATTCTGTCGGTAACGTCAAAACAGCAAGGTATTCGCTTACTGCCCTTCCTCCCAACTTAAAGTGCTTTACAATCCGAAGACCTTCTTCACACACGCGGCATGGCTGGATCAGGCTTTCGCCCATTGTCCAATATTCCCCA",0,0,0,0,0,0,0,0,5,0
"CCTGTTTGCTACCCACGCTTTCGAGCCTCAGCGTCAGTTACAGACCAGAGAGTCGCCTTCGCCACTGGTGTTCCTCCATATATCTACGCATTTCACCGCTACACATGGAATTCCACTCTCCTCTTCTGCACTCAAGTTCCCCAGTTTCCAATGACCCTCCCCGGTTGAGCCGGGGGCTTTCACATCAGACTTAAGGAACCGCCTGCGCTCGCTTTACGCCCAATAAATCCGGACAACGCTTGCCACCTACGTATTACCGCGGCTGCTGGCACGTAGTTAGCCGTGGCTTTCTGGTTAGATACCGTCAAGGCGCTAACAGTTACTCTAGCACTTGTTCTTCTCTAACAACAGAGTTTTACGATCCGAAAACCTTCTTCACTCACGCGGCGTTGCTCCGTCAGACTTGCGTCCATTGCGGAAGATTCCCTA",4,0,0,0,0,0,0,0,0,0
"CCCATTCGCTCCCCTAGCTTTCGTCTCTCAGTGTCAGTGTCGGCCCAGCAGAGTGCTTTCGCCGTTGGTGTTCTTTCCGATCTCTACGCATTTCACCGCTCCACCGGAAATTCCCTCTGCCCCTACCGTACTCAAGCTTGGTAGTTTCCACCGCCTGTCCAGGGTTGAGCCCTGGGATTTGACGGCGGACTTAAAAAGCCACCTACAGACGCTTTACGCCCAATCATTCCGGATAACGCTTGCATCCTCTGTATTACCGCGGCTGCTGGCACAGAGTTAGCCGATGCTTATTCCCCAGATACCGTCATTGCTTCTTCTCTGGGAAAAGAAGTTCAGGACCCGTAGGCCTTCTACCTCCACGCGGCATTGCTCCGTCAGGCTTTCGCCCATTGCGGAAAATTTCCCA",0,0,4,0,0,0,0,0,0,0
"CCTGTTTGCTCCCCACGCTTTCGTGCCTCAGTGTCAGTTTCAGTCCAGTAAGCCGCCTTCGCCACTGATGTTCCTCCTAATATCTACGCATTTCACCGCTACACTAGGAATTCCGCTTACCTCTCCTGCACTCTAGTCTGACAGTTTCAAAAGCAGTCCCAGAGTTAAGCCCTGGGTTTTCACTTCTGACTTGCCATACCACCTACGCACCCTTTACACCCAGTAATTCCGGATAACGCTCCCTTTACACCCAGTAAATCCGGATAACGCTTGCCCCCTACGTATTACCGCGGCTGCTGGCACGTAGTTAGCCGGGGCTTCTTAGTCAGGTACCGTCATTTTCTTCCCTGCTGATAGAGCTTTACATACCGAAATACTTCTTCACTCACGCGGCGTTGCTGCATCAGGGTTTCCCCCATTGTGCAATATTCCCCA",0,0,0,4,0,0,0,0,0,0
"CCTGTTCGCTCCCCACGCTTTCGCTCCTCAGCGTCAGTAACGGCCCAGAGACCTGCCTTCGCCATTGGTGTTCTTCCCGATATCTACACATTCCACCGTTACACCGGGAATTCCAGTCTCCCCTACCGCACTCCAGCCCGCCCGTACCCGGCGCAGATCCACCGTTAAGCGATGGACTTTCACACCGGACGCGACGAACCGCCTACGAGCCCTTTACGCCCAATAATTCCGGATAACGCTTGCACCCTACGTATTACCGCGGCTGCTGGCACGTAGTTAGCCGGTGCTTATTCGAAAGGTACACTCACCCGAAGGCTTGCTCCCGATCAAAAGCGGTTTACAACCCGAAGGCCGTCATCCCGCACGCGGCGTCGCTGCATCAGGCTTGCGCCCATTGTGCAATATTCCCCA",0,0,0,4,0,0,0,0,0,0
"CCTGTTTGCTCCCCACGCTTTCGTGCATGAGCGTCAGTCGCATCCCAGGGGGCTGCCTTCGCCATTGGTGTTCTTCCAAATATCTACGCATTTCACTGCTACACTTGGAATTCCACCCCCCTCTGATGAACTCTAGTCCTGCAGTCACAAATGCAATTCCCAGGTTGAGCCCGGGGATTTCACATCTGTCTTACAGAACCGCCTGCGCACGCTTTACGCCCAGTAATTCCGATTAACGCTTGCACCCTACGTATTACCGCGGCTGCTGGCACGTAGTTAGCCGGTGCTTATTCTTCAGGTACCGTCAGCAGACCATGGTATTAACACGGTCCTTTTCGTCCCTGACAAAAGCAGTTTACAACCCGAAGGCCTTCATCCTGCACGCGGCATGGCTGGATCAGGGTTGCCCCCATTGTCCAAAATTCCCCA",0,0,0,0,4,0,0,0,0,0
"CCTGTTTGCTACCCACACTTTCGAGCCTCAGCGTCAGTTGGTGCCCAGTAGGCCGCCTTCGCCACTGGTGTTCCTCCCGATATCTACGCATTCCACCGCTACACCACGAATTCCGCCTGCCTCAACCGTACTCAAGGTCTCCAGTTTCAACTGCAATTTTAAGGTTGAGCCCCAAACTTTCACAGCTGACTTAAAAACCCGTCTACGCTCCCTTTAAACCCAATAAATCCGGATAACGCTCGCATCCTCCGTATTACCGCGGCTGCTGGCACGGAGTTAGCCGATGCTTATTCGTTACGGTACATGCAAAAGCCTACACGTAGGCTCCTTTATTCCCGCACAAAAGAAGTTTACAACCCGTAGGGCCGTCATCCTTCACGCTACTTGGCTGGTTCAGGCTCTCGCCCATTGACCAATATTCCTCA",0,0,0,0,4,0,0,0,0,0
"CCTGTTTGCTCCCCACGCTTTCGAGCCTCAGCGTCAGTTACAGTCCAGAGAATCGCCTTCGCCACTGGTGTTCTTCCTAATCTCTACGCATTTCACCGCTACACTAGGAATTCCATTCTCCTCTCCTGCACTCTAGACTTCCAGTTTGAAATGCAGCACCCAAGTTGAGCCCGGGTATTTCACATCTCACTTAAAAGTCCGCCTACGCTCCCTTTACGCCCAGTAAATCCGGACAACGCTCGCCACCTACGTATTACCGCGGCTGCTGGCACGTAGTTAGCCGTGGCTTCCTCCTCAGGTACCGTCATTATCGTCCCTGAAGACAGAGCTTTACAACCCGAAGGCCGTCATCACTCACGCGGCGTTGCTGCATCAGGGTTTCCCCCATTGTGCAATATTCCCCA",0,0,0,0,4,0,0,0,0,0
"CCTGTTTGCTCCCCACGCTTTCGAGCCTCAACGTCAGTTACAGTCCAGTAAGCCGCCTTCGCCACTGGTGTTCCTCCTAATATCTACGCATTTCACCGCTACACTAGGAATTCCGCTTACCTCTCCTGCACTCCAGCTGCACAGTTTCCAAAGCAGTTCCATGGTTAAGCCATGGGATTTCACTTCAGACTTGCGCTGCCGTCTACGCTCCCTTTACACCCAGTAAATCCGGATAACGCTTGCCCCCTACGTATTACCGCGGCTGCTGGCACGTAGTTAGCCGGGGCTTCTTAATCAGGTACCGTCTGGCGACCCAAAGGTCGCTATTTCTTCCCTGCTGATAGAGCTTTACATACCGAAATACTTCTTCACTCACGCGGCGTCGCTGCATCAGGGTTTCCCCCATTGTGCAATATTCCCCA",0,0,0,0,0,0,0,4,0,0
"CCTGTTTGCTCCCCACGCTTTCGTGCATGAGCGTCAATCTTGACCCAGGGGGCTGCCTTCGCCATCGGTGTTCCTCCACATCTCTACGCATTTCACTGCTACACGTGGAATTCTACCCCCCTCTGCCAGATTCTAGCCTTGCAGTCTCCATCGCAATTCCCAGGTTGAGCCCGGGGATTTCACGACAGACTTACAAAACCGCCTGCGCACGCTTTACGCCCAGTAATTCCGATTAACGCTTGCACCCTACGTATTACCGCGGCTGCTGGCACGTAGTTAGCCGGTGCTTATTCTTACGGTACCGTCATGACTCCAGGGTATTAACCCGAAGCTTTTCGTTCCGTACAAAAGCAGTTTACAACCCGAAGGCCTTCATCCTGCACGCGGCATTGCTGGATCAGGCTTTCGCCCATTGTCCAAAATTCCCCA",0,0,0,0,0,0,0,0,0,4
"CCTGTTTGCTACCCACGCTTTCGTGCCTCAGCGTCAGTTAAAGCCCAGCAGGCCGCCTTCGCCACTGGTGTTCCTCCCCATCTCTACGCATTTCACCGCTACACGGGGAATTCCGCCTGCCTCTACTTCACTCAAGCTCTACAGTTTCAAATGCAGTTTATGGGTTGAGCCCATAGATTTCACATCTGACTTGCAAAGCCGCCTACGCACCCTTTACACCCAGTAAATCCGGACAACGCTTGCTCCCTACGTATTACCGCGGCTGCTGGCACGTAGTTAGCCGGAGCTTATTCATTAAGTACCGTCATTTTTCGTCCTTAATAAAAGAAGTTTACAATCCGAAAACCTTCATCCTTCACGCGGCGTTGCTGCGTCAGGGTTGCCCCCATTGCGCAATATCCCCCA",0,0,0,3,0,0,0,0,0,0
"CCTGTTTGTGCTCTGTGCCTTCGTCCTTTAACGTCAGTTTCTACATAGAGGGCTGCCTTCGCCTTTACCGAGTCCCTTTGGTATCATAGAATTTCATCTCTCCTCCTCAAGTACTGCCCTCTTACATAAAACTCTAGTCAAGTACTAACATTATAGAAGCTATATTGACCGTCTAGGTACCCTTTAAACCTAATTAAGATGAATAACACTAGTCTCTTACGTATTACCGCGGCTGCTGCC",0,0,0,3,0,0,0,0,0,0
"CCTATTTGCTCCCCACGCTTTCGTGCTTCAGTGTCAGAATCCAGACCAGACGGCCGCCTTCGCCACCGGTGTTCTTCCATATATCTACGCATTTTACCGCTACACATGGAGTTCCGCCGTCCTCTTCTGTTCTCTAGCTGATCAGTTTCCAGAGCCAGTACGGGTTGAGCCCATACCTTTTACTCCAGACTTGATCTGCCACCTACGCACCCTTTACGCCCAATCATTCCGGATAACGCTCGCCACCTACGTATTACCGCGGCTGCTGGCACGTAGTTAGCCGTGACTTTCTGGTAAGATACCATCACTCACTCATCATTCCCTATGAGTGCCGTTTTTCTCTTACAACAGAGCTTTACGATCCGAAGACCTTCCTCACTCACGCGGCATTGCTCGTTCAGGGTTCCCCCCATTGACGAAAATTCCCTA",0,0,0,0,3,0,0,0,0,0
"CCCTTTCGCTCCCCTGGCCTTCGTGCCTCAGCGTCAGTTAATGTCCAGGAACCCGCCTTCGCCACGAGTGTTCCTCTCGATATCTACGCATTTCACTGCTACACCGAGAATTCCGGTTCCCCCTCCATTACTCTAGTCTCGCAGTATCATGTGCCGTCCGCGGGTTGAGCCCGCGCCTTTCACACACGACTTACGAAACAGCCTACGCACGCTTTACGCCCAGTGATTCCGAACAACGCTTGAGACCTCTGTATTACCGCGGCTGCTGGCACAGAGTTAGCCGTCTCTTCCTCTTGTGGTACTATCTTTTTAATTTGCTCCCACATGACAGGGGTTTACAATCCGAAGACCTTCATTCCCCCACGCGGCGTCGCACCATCAGGGTTTCCCCCATTGTGAATGATTCTCGA",0,0,0,0,0,0,0,3,0,0
"CCTGTTTGCTCCCCACGCTTTCGTGCCTCAGTGTCAGTTTCAGTCCAGTAAGCCGCCTTCGCCACTGATGTTCCTCCTAATATCTACGCATTTCACCGCTACACTAGGAATTCCGCTTACCTCTCCTGCACTCTAGTCTGACAGTTTCAAAAGCAGTCCCAGAGTTAAGCCCTGGGTTTTCACTTCTGACTTGCCATACCACCTACGCACCCTTTACACCCAGTAATTCCGGATAACGCTTGCCCCCTACGTATTACCGCGGCTGCTGGCACGTAGTTAGCCGGGGCTTCTTAGTCAGGTACCGTCATTTTCTTCCCTGCTGATAGAGCTTTACATACCGAGATACTTCTTCACTCACGCGGCGTCGCTGCATCAGGGTTTCCCCCATTGTGCAATATTCCCCA",0,0,0,0,0,0,0,0,3,0
"CCTGTTCGCTCCCCACGCTTTCGTGCCTCAGCGTCAGTTACAGTCCAGAAAGCCGCCTTCGCTACTGGTGTTCCTCCGAATCTCTACGCATTTCACCGCTACACTCGGAATTCCGCTTTCCTCTCCTGCACTCTAGCAACTCAGTTTCAGATGCAGTCTCAAGGTTGAGCCCTGAGTTTTCACATCTGACTTAAATCGCCGCCTACGCACCCTTTACACCCAGTAATTCCGGATAACGCTCCCTTTACACCCAGTAAATCCGGATAACGCTTGCCCCCTACGTATTACCGCGGCTGCTGGCACGTAGTTAGCCGGGGCTTCTTAGTCAGGTACCGTCATTTTCTTCCCTGCTGATAGAGCTTTACATACCGAAATACTTCTTCACTCACGCGGCGTTGCTGCATCAGGGTTTCCCCCATTGTGCAATATTCCCCA",0,0,0,2,0,0,0,0,0,0
"CCTGTTTGCTCCCCACGCTTTCGTGCCTCAGTGTCAGTGTTGGTCCAGGTAGCTGCCTTCGCCATGGATGTTCCTCCCGATCTCTACGCATTTCACTGCTACACCGGGAATTCCACTACCCTCTACCACACTCTAGTCGCCCAGTATCCACTGCAATTCCCAGGTTGAGCCCAGGGCTTTCACAACAGACTTAAACAACCACCTACGCACGCTTTACGCCCAGTAATTCCGATTAACGCTCGCACCCTACGTATTACCGCGG",0,0,0,2,0,0,0,0,0,0
"CCTGTTTGCTACCCACGCTTTCGTGCCTCAGCGTCAAAACAGGCCCAGGAGGTTGCCTTCGCCATCGGTGTTCTTCCAGATATCTACGCATTTCACCGCTACACCTGGAGTTCCGCCTCCCTCTACCGTTTTCGAGTCTGACAGTATCGACCGCAATTCCCAGGTTAAGCCCGGGGCTTTCACAATCGACTTATCAAACCGCCTACGCACGCTTTACGCCCAGTAAATCCGATTAACGCTAGCACCCTCTGTATTACCGCGGCTGCTGGCACAGAGTTAGCCGGTGCTTATTCTGTCGGTACCGTCAAGGCTTCACGTATTAGGTGAAGCTTTTTCTTCCCAACTTAAAGTGCTTTACAACCCGAAGGCCTTCTTCACACACGCGGTATTGCTGGATCAGGCTTTCGCCCATTGTCCAATATTCCCCA",0,0,0,2,0,0,0,0,0,0
"CCCGTTTGCTACCCTGGCTTTCGCATCTCAGCGTCAGACACAGTCCAGAAAGGCGCCTTCGCCACTGGTGTTCCTCCCAATATCTACGCATTTCACCGCTACACTGGGAATTCCCCTTTCCTCTCCTGCACTCAAGACTTCCAGTATCCAACGCCATACGGGGTTAAGCCCCGCATTTTCACGTCAGACTTAAAAGCCCGCCTACATGCTCTTTACGCCCAATAATTCCGGACAACGCTTGCCACCTACGTATTACCGCGGCTGCTGGCACGTAGTTAGCCGTGGCTTCCTCGTTAGGTACCGTCAACACCATGACCTGTTCGAACACGGTGCTTTCGTCCCTAACAACAGAGTTTTACAATCCGAAGACCTTCATCACTCACGCGGCGTTGCTTCGTCAGACTTTCGTCCATTGCGGAAGATTCCCCA",0,0,0,0,2,0,0,0,0,0
"CCTGTTCGCTCCCCACGCTTTCGAGCCTCAACGTCAGTTATGGTCCAGTAAGCCGCCTTCGCCACCGGTGTTCCTCCTGATATCTACGCATTTCACCGCTACACCAGGAATTCCGCTTACCCCTCCCATACTCCAGCAAAACAGTTCCCAAAGCAGCTCCGCGGTTGGGCCGCGGGCTTCCACTTCAGGCTTACCTCGCCGTCTACGCTCCCTTTACACCCAGTAATTCCGGATAACGCTCCCTTTACACCCAGTAAATCCGGATAACGCTTGCCCCCTACGTATTACCGCGGCTGCTGGCACGTAGTTAGCCGGGGCTTCTTAGTCAGGTACCGTCATTTTCTTCCCTGCTGATAGAGCTTTACATACCGAAATACTTCTTCACTCACGCGGCGTCGCTGCATCAGGGTTTCCCCCATTGTGCAATATTCCCCA",0,0,0,0,0,0,0,2,0,0
"CCTGTTTGATCCCCACGCTTTCGTGCATCAGCGTCAGTCATGGCTTGGCAGGCTGCCTTCGCAATCGGGGTTCTGCGTGATATCTAAGCATTTCACCGCTACACCACGCATTCCGCCTGCCTCAAACATACTCAAGCCCCCCAGTTTCAACGGCAATTCTATGGTTGAGCCACAGACTTTCACCGCTGACTTAAAAGGCCGCCTACGCACCCTTTAAACCCAATAAATCCGGATAACGCTCGGATCCTCCGTATTACCGCGGCTGCTGGCACGGAGTTAGCCGATCCTTATTCATAAAGTACATGCAAACGGGTATGCATACCCGACTTTATTCCTTTATAAAAGAAGTTTACAACCCATAGGGCAGTCATCCTTCACGCTACTTGGCTGGTTCAGGCCATCGCCCATTGACCAATATTCCTCA",0,0,0,1,0,0,0,0,0,0
