"","Kingdom","Phylum","Class","Order","Family","Genus"
"CCTGTTCGATACCCGCACTTTCGAGCTTCAGCGTCAGTTGCGCTCCAGTGAGCTGCCTTCGCAATCGGAGTTCTTCGTGATATCTAAGCATTTCACCGCTACACCACGAATTCCGCCCACTTTGTGCGTACTCAAGGAAACCAGTTCGCGCTGCAGTTCAGATGTTGAGCATCTACATTTCACAACACGCTTAATCTCCGGCCTACGCTCCCTTTAAACCCAATAAATCCGGATAACGCCCGGACCTTCCGTATTACCGCGGCTGCTGGCACGGAATTAGCCGGTCCTTATTCATAAGGTACATGCAAAAAGTCTCACGAGACTCACTTTATTCCCTTATAAAAGCAGTTTACAACCCATAGGGCCGTCTTCCTGCACGCTACTTGGCTGGTTCAGACTCTCGTCCATTGACCAATATTCCTCA","Bacteria","Bacteroidetes","Bacteroidia","Bacteroidales","Prevotellaceae","Prevotella_9"
"CCTGTTTGCTCCCCACGCTTTCGCACCTGAGCGTCAGTCTTCGTCCAGGGGGCCGCCTTCGCCACCGGTATTCCTCCAGATCTCTACGCATTTCACCGCTACACCTGGAATTCTACCCCCCTCTACGAGACTCAAGCTTGCCAGTATCAGATGCAGTTCCCAGGTTGAGCCCGGGGATTTCACATCTGACTTAACAAACCGCCTGCGTGCGCTTTACGCCCAGTAATTCCGATTAACGCTTGCACCCTCCGTATTACCGCGGCTGCTGGCACGGAGTTAGCCGGTGCTTCTTCTGCGGGTAACGTCAATGAGCAAAGGTATTAACTTTACTCCCTTCCTCCCCGCTGAAAGTACTTTACAACCCGAAGGCCTTCTTCATACACGCGGCATGGCTGCATCAGGCTTGCGCCCATTGTGCAATATTCCCCA","Bacteria","Proteobacteria","Gammaproteobacteria","Enterobacteriales","Enterobacteriaceae","Escherichia/Shigella"
"CCTGTTTGATCCCCACGCTTTCGCACATCAGCGTCAGTTACAGACCAGAAAGTCGCCTTCGCCACTGGTGTTCCTCCATATCTCTGCGCATTTCACCGCTACACATGGAATTCCACTTTCCTCTTCTGCACTCAAGTTTTCCAGTTTCCAATGACCCTCCACGGTTGAGCCGTGGGCTTTCACATCAGACTTAAAAAACCGCCTACGCGCGCTTTACGCCCAATAATTCCGGATAACGCTTGCCACCTACGTATTACCGCGGCTGCTGGCACGTAGTTAGCCGTGGCTTTCTGATTAGGTACCGTCAAGATGTGCACAGTTACTTACACATATGTTCTTCCCTAATAACAGAGTTTTACGATCCGAAGACCTTCATCACTCACGCGGCGTTGCTCCGTCAGGCTTTCGCCCATTGCGGAAGATTCCCTA","Bacteria","Firmicutes","Bacilli","Bacillales","Staphylococcaceae","Staphylococcus"
"CCTGTTTGCTACCCACACTTTCGAGCCTCAGCGTCAGTTGGTGCCCAGTAGGCCGCCTTCGCCACTGGTGTTCCTCCCGATATCTACGCATTCCACCGCTACACCGGGAATTCCGCCTACCTCTGCACTACTCAAGAAAAACAGTTTTGAAAGCAGTTCATGGGTTGAGCCCATGGATTTCACTTCCAACTTGTTCTCCCGCCTGCGCTCCCTTTACACCCAGTAATTCCGGACAACGCTTGTGACCTACGTTTTACCGCGGCTGCTGGCACGTAGTTAGCCGTCACTTCCTTGTTGAGTACCGTCATTATCTTCCTCAACAACAGGAGTTTACAATCCGAAGACCTTCTTCCTCCACGCGGCGTCGCTGCATCAGGGTTTCCCCCATTGTGCAATATTCCCCA","Bacteria","Firmicutes","Clostridia","Clostridiales","Ruminococcaceae","Faecalibacterium"
"CCTGTTTGATACCCGCACTTTCGAGCCTCAGCGTCAGTTGCACCCCGGATACCTGCCTTCGCGATCGGAGTTCTTCATGATATCTGAGCATTTCACCGCTACACCATGAATTCCAGCATCCCTGTGTGCACTCAAGACTCCCAGTATCAACTGCAGTCCGACGGTTGAGCCGCCGTATTTCACAACTGACTTAAGAGTCCGCCTGCGCTCCCTTTAAACCCAATAAATCCGGATAACGCCTGGACCTTCCGTATTACCGCGGCTGCTGGCACGGAATTAGCCGGTCCTTTTTCTGATGGTACATACAAAACAGCTCACGAGCTGCACTTTATTCCCAACTAAAAGCAGTTTACAACCCGGAGGGCCGTCATCCTGCACGCTACTTGGCTGGTTCAGACTTGCGTCCATTGACCAATATTCCTCA","Bacteria","Bacteroidetes","Bacteroidia","Bacteroidales","Prevotellaceae","Alloprevotella"
"CCTGTTTGCTACCCACACTTTCGAGCCTCAGCGTCAGTTGGTGCCCAGTAGGCCGCCTTCGCCACTGGTGTTCCTCCCGATATCTACGCATTCCACCGCTACACCGGGAATTCCGCCTACCTCTGCACTACTCAAGAAAAACAGTTTTGAAAGCAGTTCATGGGTTGAGCCCATGGATTTCACTTCCAACTTGTCTTCCCGCCTGCGCTCCCTTTACACCCAGTAATTCCGGACAACGCTTGTGACCTACGTTTTACCGCGGCTGCTGGCACGTAGTTAGCCGTCACTTCCTTGTTGAGTACCGTCATTATCTTCCTCAACAACAGGAGTTTACAATCCGAAGACCTTCTTCCTCCACGCGGCGTCGCTGCATCAGGGTTTCCCCCATTGTGCAATATTCCCCA","Bacteria","Firmicutes","Clostridia","Clostridiales","Ruminococcaceae","Faecalibacterium"
"CCTGTTTGATACCCACACTTTCGAGCATCAGTGTCAGTTGCAGTCCAGTGAGCTGCCTTCGCAATCGGAGTTCTTCGTGATATCTAAGCATTTCACCGCTACACCACGAATTCCGCCCACCTCTACTGTACTCAAGACAGCCAGTATCAACTGCAATTTTACGGTTGAGCCGCAAACTTTCACAACTGACTTAACTGTCCACCTACGCTCCCTTTAAACCCAATAAATCCGGATAACGCTCGGATCCTCCGTATTACCGCGGCTGCTGGCACGGAGTTAGCCGATCCTTATTCATATGGTACATACAAAATTCCACACGTGGAAAACTTTATTCCCATATAAAAGAAGTTTACAACCCATAGGGCAGTCATCCTTCACGCTACTTGGCTGGTTCAGGCCTGCGCCCATTGACCAATATTCCTCA","Bacteria","Bacteroidetes","Bacteroidia","Bacteroidales","Bacteroidaceae","Bacteroides"
"CCTGTTTGCTCCCCACGCTTTCGAGCCTCAACGTCAGTTACAGTCCAGTAAGCCGCCTTCGCCACTGGTGTTCCTCCTAATATCTACGCATTTCACCGCTACACTAGGAATTCCGCTTACCTCTCCTGCACTCCAGCTGCACAGTTTCCAAAGCAGTTCCATGGTTAAGCCATGGGATTTCACTTCAGACTTGCGCTGCCGTCTACGCTCCCTTTACACCCAGTAAATCCGGATAACGCTTGCCCCCTACGTATTACCGCGGCTGCTGGCACGTAGTTAGCCGGGGCTTCTTAGTCAGGTACCGTCATTTTCTTCCCTGCTGATAGAGCTTTACATACCGAAATACTTCTTCACTCACGCGGCGTCGCTGCATCAGGGTTTCCCCCATTGTGCAATATTCCCCA","Bacteria","Firmicutes","Clostridia","Clostridiales","Lachnospiraceae","Lachnospiraceae_NK4A136_group"
"CCTGTTTGCTACCCACACTTTCGAGCCTCAGCGTCAGTTGGTGCCCAGTAGGCCGCCTTCGCCACTGGTGTTCCTCCCGATATCTACGCATTCCACCGCTACACCGGGAATTCCGCCTACCTCTGCACTACTCAAGAAAAACAGTTTTGAAAGCAGTTTATGGGTTGAGCCCATAGATTTCACTTCCAACTTGTCTTCCCGCCTGCGCTCCCTTTACACCCAGTAATTCCGGACAACGCTTGTGACCTACGTTTTACCGCGGCTGCTGGCACGTAGTTAGCCGTCACTTCCTTGTTGGGTACCGTCATTATCTTCCCCAACAACAGGAGTTTACAATCCGAAGACCTTCTTCCTCCACGCGGCGTCGCTGCATCAGGGTTTCCCCCATTGTGCAATATTCCCCA","Bacteria","Firmicutes","Clostridia","Clostridiales","Ruminococcaceae","Faecalibacterium"
"CCTGTTTGCTCCCCACGCTTTCGTGCCTCAGCGTCAGTTACAGTCCAGAGAGCCGCCTTCGCTACTGGTGTTCCTCCTAATATCTACGCATTTCACCGCTACACTAGGAATTCCACTCTCCTCTCCTGCACTCAAGTCCTCCAGTTTCAAGAGCTTACTACGGTTGAGCCGTAGCCTTTCACTCCTGACTTAAAAGACCGCCTACGCACCCTTTACGCCCAGTAAATCCGGATAACGCTAGCCCCCTACGTATTACCGCGGCTGCTGGCACGTAGTTAGCCGGGGCTTCCTCCTCAAGTACCGTCATTATCTTCCTTGAGGACAGAGCTTTACGACCCGAAGGCCTTCATCGCTCACGCGGCGTTGCTGCATCAGGCTTTCGCCCATTGTGCAATATTCCCCA","Bacteria","Firmicutes","Clostridia","Clostridiales","Peptostreptococcaceae","Intestinibacter"
"CCTGTTTGCTCCCCACGCTTTCGCACCTCAGCGTCAATACATGTCCAGTCAGCCGCCTTCGCCACTGGTGTTCTTCCGAATATCTACGAATTTCACCTCTACACTCGGAATTCCACTGACCTCTCCATGATTCAAGCGATGCAGTCTAAAAGGCAATTCCAGAGTTGAGCTCTGGGCTTTCACCTCTTACTTACAAAGCCGCCTACGTGCGCTTTACGCCCAGTAATTCCGAATAACGCTAGCTCCCTCCGTATTACCGCGGCTGCTGGCACGGAGTTAGCCGGAGCTTATTCTCCCGGTACTGTCATTATCATCCCGGGTAAAAGAGCTTTACAACCCTAAGGCCTTCATCACTCACGCGGCATTGCTGGATCAGGCTTTCGCCCATTGTCCAATATTCCCCA","Bacteria","Proteobacteria","Alphaproteobacteria","Sphingomonadales","Sphingomonadaceae","Sphingomonas"
"CCTGTTCGATACCCGCACTTTCGAGCTTCAGCGTCAGTTGCGCTCCAGTGAGCTGCCTTCGCAATCGGAGTTCTTCGTGATATCTAAGCATTTCACCGCTACACCACGAATTCCGCCCACTTTGTGCGTACTCAAGGAAACCAGTTCGCGCTGCAGTGCAGACGTTGAGCGTCTACATTTCACAACACGCTTAATCTCCGGCCTACGCTCCCTTTAAACCCAATAAATCCGGATAACGCCCGGACCTTCCGTATTACCGCGGCTGCTGGCACGGAATTAGCCGGTCCTTATTCATAAGGTACATGCAAAAAGCCTCACGAGGCTCACTTTATTCCCTTATAAAAGCAGTTTACAACCCATAGGGCCGTCATCCTGCACGCTACTTGGCTGGTTCAGACTCTCGTCCATTGACCAATATTCCTCA","Bacteria","Bacteroidetes","Bacteroidia","Bacteroidales","Prevotellaceae","Prevotella_9"
"CCTGTTTGCTCCCCACGCTTTCGAGCCTCAACGTCAGTTACCGTCCAGTAAGCCGCCTTCGCCACTGGTGTTCCTCCTAATATCTACGCATTTCACCGCTACACTAGGAATTCCGCTTACCTCTCCGGTACTCTAGATTGACAGTTTCCAATGCAGTCCCGGGGTTGAGCCCCGGGTTTTCACATCAGACTTGCCACTCCGTCTACGCTCCCTTTACACCCAGTAAATCCGGATAACGCTTGCACCATACGTATTACCGCGGCTGCTGGCACGTATTTAGCCGGTGCTTCTTAGTCAGGTACCGTCATTTTCTTCCCTGCTGATAGAGCTTTACATACCGAAATACTTCATCGCTCACGCGGCGTCGCTGCATCAGGGTTTCCCCCATTGTGCAATATTCCCCA","Bacteria","Firmicutes","Clostridia","Clostridiales","Lachnospiraceae",NA
"CCTGTTTGATACCCACACTTTCGAGCCTCAATGTCAGTTGCAGCTTAGCAGGCTGCCTTCGCAATCGGAGTTCTTCGTGATATCTAAGCATTTCACCGCTACACCACGAATTCCGCCTGCCTCAACTGCACTCAAGATATCCAGTATCAACTGCAATTTTACGGTTGAGCCGCAAACTTTCACAACTGACTTAAACATCCATCTACGCTCCCTTTAAACCCAATAAATCCGGATAACGCTCGGATCCTCCGTATTACCGCGGCTGCTGGCACGGAGTTAGCCGATCCTTATTCATAAAGTACATGCAAACGGGTATCCATACCCGACTTTATTCCTTTATAAAAGAAGTTTACAACCCATAGGGCAGTCATCCTTCACGCTACTTGGCTGGTTCAGGCTCTCGCCCATTGACCAATATTCCTCA","Bacteria","Bacteroidetes","Bacteroidia","Bacteroidales","Bacteroidaceae","Bacteroides"
"CCTGTTTGCTCCCCACGCTTTCGAGCCTCAACGTCAGTTACAGTCCAGTAAGCCGCCTTCGCCACTGGTGTTCCTCCTAATATCTACGCATTTCACCGCTACACTAGGAATTCCACTTACCTCTCCTGCACTCCAGCCGTACAGTTTCCAGAGCAGTCCGGGGGTTGAGCCCCCGCCTTTCACTCCAGACTTGCACTGCCGTCTACGCTCCCTTTACACCCAGTAAATCCGGATAACGCTTGCCCCCTACGTATTACCGCGGCTGCTGGCACGTAGTTAGCCGGGGCTTCTTAGTCAGGTACCGTCATTTTCTTCCCTGCTGATAGAGCTTTACATACCGAAATACTTCTTCACTCACGCGGCGTCGCTGCATCAGGGTTTCCCCCATTGTGCAATATTCCCCA","Bacteria","Firmicutes","Clostridia","Clostridiales","Lachnospiraceae","Lachnospiraceae_NK4A136_group"
"CCTGTTTGCTACCCACGCTTTCGCACCTCAGTGTCAGTGTCAGTCCAGAAGGCCGCCTTCGCCACTGGTATTCCTCCCGATCTCTACGCATTTCACCGCTACACCGGGAATTCTACCTTCCTCTCCTGCACTCTAGCTTGACAGTTCCGGATGCCGTTCCCAGGTTGAGCCCGGGGCTTTCACAACCGGCTTATCAAGCCACCTACGCGCGCTTTACGCCCAGTAATTCCGATTAACGCTCGCACCCTCCGTATTACCGCGGCTGCTGGCACGGAGTTAGCCGGTGCTTCTTCTGTGAGTGATGTCTTTCCTGATGGGTATTAACCACCAGGCGTTCTTCCTCACTGAAAGTGCTTTACAACCCGAGGGCCTTCTTCACACACGCGGCATGGCTGGATCAGGGTTGCCCCCATTGTCCAATATTCCCCA","Bacteria","Proteobacteria","Gammaproteobacteria","Oceanospirillales","Halomonadaceae","Halomonas"
"CCTGTTTGCTCCCCACGCTTTCGCGCCTCAGTGTCAGTTGCAGACCAGGAAGCCGCCTTCGCCACTGGTGTTCCTCCATATCTCTACGCATTTCACCGCTACACATGGAATTCCACTTCCCTCTTCTGCACTCAAGTCAACCAGTTTCCAATGACCCTCCACGGTTAAGCCGTGGGCTTTCACATCAGACTTAATTAACCACCTGCGCGCTCTTTACGCCCAATAATTCCGGATAACGCTTGCCACCTACGTATTACCGCGGCTGCTGGCACGTAGTTAGCCGTGGCTTTCTCATAAGGTACCGTCAATTGATAGTCATTTCCTCCTATCACCTTTCTTCCCTTATAACAGAATTTTACAACCCGAAGGCCTTCTTCATTCACGCGGCGTTGCTCGGTCAGGCTTTCGCCCATTGCCGAAGATTCCCTA","Bacteria","Firmicutes","Erysipelotrichia","Erysipelotrichales","Erysipelotrichaceae","Turicibacter"
"CCTGTTTGCTCCCCACGCTTTCGAGCCTCAACGTCAGTGATCGTCCAGTAAGCCGCCTTCGCCACTGGTGTTCCTCCTAATATCTACGCATTTCACCGCTACACTAGGAATTCCGCTTACCTCTCCGACACTCTAGTTACATAGTTTCCAATGCAGTCCCGGGGTTGAGCCCCGGGCTTTCACATCAGACTTACACAACCGTCTACGCTCCCTTTACACCCAGTAAATCCGGATAACGCTTGCCCCCTACGTATTACCGCGGCTGCTGGCACGTAGTTAGCCGGGGCTTCTTAGTCAGGTACCGTCATTTTCTTCCCTGCTGATAGAGCTTTACATACCGAAATACTTCTTCACTCACGCGGCGTTGCTGCATCAGGGTTTCCCCCATTGTGCAATATTCCCCA","Bacteria","Firmicutes","Clostridia","Clostridiales","Lachnospiraceae","Tyzzerella_4"
"CCTGTTCGATACCCGCACTTTCGAGCTTCAGCGTCAGTTGCGCTCCAGTGAGCTGCCTTCGCAATCGGAGTTCTTCGTGATATCTAAGCATTTCACCGCTACACCACGAATTCCGCCCACTTTGTGCGTACTCAAGGAAACCAGTTCGCGCTGCAGTGCAGACGTTGAGCGTCTACATTTCACAACACGCTTAATCTCCGGCCTACGCTCCCTTTAAACCCAATAAATCCGGATAACGCCCGGACCTTCCGTATTACCGCGGCTGCTGGCACGGAATTAGCCGGTCCTTATTCATAAGGTACATGCAAAAAGTCTCACGAGACTCACTTTATTCCCTTATAAAAGCAGTTTACAACCCATAGGGCCGTCTTCCTGCACGCTACTTGGCTGGTTCAGACTCTCGTCCATTGACCAATATTCCTCA","Bacteria","Bacteroidetes","Bacteroidia","Bacteroidales","Prevotellaceae","Prevotella_9"
"CCTGTTTGCTCCCCACGCTTTCGAGCCTCAGCGTCAGTTATCGTCCAGTAAGCCGCCTTCGCCACTGGTGTTCCTCCTAATATCTACGCATTTCACCGCTACACTAGGAATTCCGCTTACCCCTCCGACACTCTAGTACGACAGTTTCCAATGCAGTACCGGGGTTGAGCCCCGGGCTTTCACATCAGACTTGCCGCACCGCCTGCGCTCCCTTTACACCCAGTAAATCCGGATAACGCTTGCACCATACGTATTACCGCGGCTGCTGGCACGTATTTAGCCGGTGCTTCTTAGTCAGGTACCGTCATTATCTTCCCTGCTGATAGAGCTTTACATACCGAAATACTTCTTCGCTCACGCGGCGTCGCTGCATCAGGCTTTCGCCCATTGTGCAATATTCCCCA","Bacteria","Firmicutes","Clostridia","Clostridiales","Lachnospiraceae","Agathobacter"
"CCTGTTTGCTACCCACGCTTTCGAACCTCAGCGTCAGTTACAGACCAGAGAGCCGCTTTCGCCACTGGTGTTCTTCCATATATCTACGCATTTCACCGCTACACATGGAGTTCCACTCTCCTCTTCTGCACTCAAGTCTCCCAGTTTCCAATGCACTACTCCGGTTAAGCCGAAGGCTTTCACATCAGACTTAAAAGACCGCCTGCGTTCCCTTTACGCCCAATAAATCCGGATAACGCTTGCCACCTACGTATTACCGCGGCTGCTGGCACGTAGTTAGCCGTGGCTTTCTGGTTAGATACCGTCGAAACGTGAACAGTTACTCTCACGCACTTTCTTCTCTAACAACAGGGTTTTACGATCCGAAGACCTTCTTCACCCACGCGGCGTTGCTCCATCAGGCTTTCGCCCATTGTGGAAGATTCCCTA","Bacteria","Firmicutes","Bacilli","Lactobacillales","Lactobacillaceae","Lactobacillus"
"CCTGTTTGCTCCCCACGCTTTCGTGCATGAGCGTCAGTGCAGGCCCAGGGGATTGCCTTCGCCATCGGTGTTCCTCCGCATATCTACGCATTTCACTGCTACACGCGGAATTCCATCCCCCTCTGCCGCACTCCAGCCTTGCAGTCACAAAGGCAGTTCCCAGGTTGAGCCCGGGGATTTCACCTCTGTCTTACAAGACCGCCTGCGCACGCTTTACGCCCAGTAATTCCGATTAACGCTTGCACCCTACGTATTACCGCGGCTGCTGGCACGTAGTTAGCCGGTGCTTATTCTTACGGTACCGTCATGACTCCAGGGTATTAACCCGAAGCTTTTCGTTCCGTACAAAAGCAGTTTACAACCCGAAGGCCTTCATCCTGCACGCGGCATTGCTGGATCAGGCTTTCGCCCATTGTCCAAAATTCCCCA","Bacteria","Proteobacteria","Gammaproteobacteria","Betaproteobacteriales","Burkholderiaceae","Comamonas"
"CCTGTTTGCTCCCCACGCTTTCGCGCCTCAGCGTCAGTTGTCGTCCAGAAAGTCGCCTTCGCCACCGGTGTTCTTCCTAATCTCTACGCATTTCACCGCTACACTAGGAATTCCACTTTCCTCTCCGATACTCCAGCTTCCCAGTTTCCATCCCATCACGGGGTTAAGCCCCGCACTTTTAAGATGGACTTAGAAAGCCGCCTGCGCGCGCTTTACGCCCAATAATTCCGGACAACGCTTGCCACCTACGTATTACCGCGGCTGCTGGCACGTAGTTAGCCGTGGCTTGCTATTCGGGTACCGTCACTTCCATAAGGTATTAGCTTACGGACCGTTCGTCCCCGATCACAGAGCTTTACAACCCGAAGGCCGTCATCACTCACGCGGCGTTGCTCCGTCAGGCTTTCGCCCATTGCGGAAGATTCCCCA","Bacteria","Firmicutes","Negativicutes","Selenomonadales","Veillonellaceae","Dialister"
"CCTGTTTGATACCCACACTTTCGAGCATCAGTGTCAGTTGCAGTCCAGTGAGCTGCCTTCGCAATCGGAGTTCTTCGTGATATCTAAGCATTTCACCGCTACACCACGAATTCCGCCCACCTCTACTGTACTCAAGACTGACAGTATCAACTGCAATTTTACGGTTGAGCCGCAAACTTTCACAACTGACTTACCAGTCCACCTACGCTCCCTTTAAACCCAATAAATCCGGATAACGCTCGGATCCTCCGTATTACCGCGGCTGCTGGCACGGAGTTAGCCGATCCTTATTCATATAATACATACAAAACAGTATACATACTGCACTTTATTCTTATATAAAAGAAGTTTACGACCCATAGAGCCTTCATCCTTCACGCTACTTGGCTGGTTCAGGCTAGCGCCCATTGACCAATATTCCTCA","Bacteria","Bacteroidetes","Bacteroidia","Bacteroidales","Bacteroidaceae","Bacteroides"
"CCTGTTTGCTCCCCACGCTTTCGCACCTCAGTGTCAGTATCAGTCCAGGTGGTCGCCTTCGCCACTGGTGTTCCTTCCTATATCTACGCATTTCACCGCTACACAGGAAATTCCACCACCCTCTACCGTACTCTAGCTTGCCAGTTTTGGATGCAGTTCCCAGGTTGAGCCCGGGGCTTTCACATCCAACTTAACAAACCACCTACGCGCGCTTTACGCCCAGTAATTCCGATTAACGCTTGCACCCTCTGTATTACCGCGGCTGCTGGCACAGAGTTAGCCGGTGCTTATTCTGTCGGTAACGTCAAAACAGCAAGGTATTAACTTACTGCCCTTCCTCCCAACTTAAAGTGCTTTACAATCCGAAGACCTTCTTCACACACGCGGCATGGCTGGATCAGGCTTTCGCCCATTGTCCAATATTCCCCA","Bacteria","Proteobacteria","Gammaproteobacteria","Pseudomonadales","Pseudomonadaceae","Pseudomonas"
"CCTGTTCGCTACCCATGCTTTCGAGCCTCAGCGTCAGTTACAGACCAGAGAGCCGCCTTCGCCACTGGTGTTCTTCCATATATCTACGCATTCCACCGCTACACATGGAGTTCCACTCTCCTCTTCTGCACTCAAGAAACACAGTTTCCGATGCAATTCCTCGGTTAAGCCGGGGGCTTTCACATCAGACTTATCTTTCCGCCTGCGCTCGCTTTACGCCCAATAAATCCGGACAACGCTTGCCACCTACGTATTACCGCGGCTGCTGGCACGTAGTTAGCCGTGACTTTCTGGTTGATTACCGTCAAATAGGGGCCAGTTACTACCTCTATCCTTCTTCACCAACAACAGAGCTTTACGATCCGAAAACCTTCTTCACTCACGCGGCGTTGCTCCATCAGGCTTTCGCCCATTGTGGAAGATTCCCTA","Bacteria","Firmicutes","Bacilli","Lactobacillales","Lactobacillaceae","Lactobacillus"
"CCTGTTTGCTCCCCACGCTTTCGTGCCTCAGCGTCAGTTAAAGACCAGTAAGCTGCCTACGCTATTGGTATTCCTTATGATATCTAAGCATTTCACTACTACACCATAAATTCTACCTACCTCTTCTTAACTCAAGCCTAATAGTATCAATCGCAGTTCTAGCGTTAAGCACTAGGATTTCACAACTGACTTAATAAGCCGCCTACGCACCCTTTAAACCCAATAAAACCGGATAACGCTTGCACCTTCCGTATTACCGCGGCTGCTGGCACGGAATTAGCCGGTGCTTATTCTTACAGTACTCTCAAGAACCCCCTCAGGGGCTTTTTTGCTCGTGTACAAAAGCAGTTTACAACTCAGAGAGCTTTCATCCTGCACGCGGCATGGCTGGTTCAGGCTTGCGCCCATTGACCAATATTCCCTA","Bacteria","Bacteroidetes","Bacteroidia","Cytophagales","Amoebophilaceae","Candidatus_Cardinium"
"CCTGTTTGCTCCCCACGCTTTCGTGCCTCAGTGTCAGTTACAGTCCAGAAAGCCGCCTTCGCTACTGGTGTTCCTCCTAATATCTACGCATTTCACCGCTACACTAGGAATTCCACTTTCCTCTCCTGCACTCAAGTTTCCCAGTTTCAAGAGCTTACTACGGTTGAGCCGTAGCCTTTCACTCCTGACTTAAGAAACCACCTACGCACCCTTTACGCCCAGTAAATCCGGATAACGCTAGCCCCCTACGTATTACCGCGGCTGCTGGCACGTAGTTAGCCGGGGCTTCCTCCTCAAGTACCGTCATTATCTTCCTTGAGGACAGAGCTTTACGACCCGAAGGCCTTCATCGCTCACGCGGCGTTGCTGCATCAGGCTTTCGCCCATTGTGCAATATTCCCCA","Bacteria","Firmicutes","Clostridia","Clostridiales","Peptostreptococcaceae","Terrisporobacter"
"CCTGTTTGCTCCCCACGCTTTCGAGCCTCAGCGTCAGTTACAGTCCAGAGAAGCGCCTTCGCCACTGGTGTTCTTCCTAATCTCTACGCATTTCACCGCTACACTAGGAATTCCCTTCTCCTCTCCTGCACTCTAGACTTCCAGTTTGAAATGCAGCACTCAGGTTAAGCCCGAGTATTTCACATCTCACTTAAAAATCCGCCTACGCTCCCTTTACGCCCAGTAAATCCGGACAACGCTCGCCACCTACGTATTACCGCGGCTGCTGGCACGTAGTTAGCCGTGGCTTCCTCCTCAGGTACCGTCATTATCGTCCCTGAAGACAGAGCTTTACAACCCGAAGGCCGTCATCACTCACGCGGCGTTGCTGCATCAGGGTTTCCCCCATTGTGCAATATTCCCCA","Bacteria","Firmicutes","Clostridia","Clostridiales","Clostridiaceae_1","Clostridium_sensu_stricto_1"
"CCTGTTTGCTCCCCACGCTTTCGCACCTCAGCGTCAGTAATGGACCAGTGAGCCGCCTTCGCCACTGGTGTTCCTCCGAATATCTACGAATTTCACCTCTACACTCGGAATTCCACTCACCTCTTCCATACTCTAGATCGACAGTATCAAAGGCAGTTCCAGGGTTAAGCCCTGGGATTTCACCCCTGACTGATCGATCCGCCTACGTGCGCTTTACGCCCAGTAATTCCGAACAACGCTAGCCCCCTTCGTATTACCGCGGCTGCTGGCACGAAGTTAGCCGGGGCTTCTTCTCCGGATACCGTCATTATCTTCTCCGGTGAAAGAGCTTTACAACCCTAAGGCCTTCATCACTCACGCGGCATGGCTGGATCAGGCTTGCGCCCATTGTCCAATATTCCCCA","Bacteria","Proteobacteria","Alphaproteobacteria","Rhizobiales","Rhizobiaceae","Allorhizobium-Neorhizobium-Pararhizobium-Rhizobium"
"CCTGTTCGCTCCCCACGCTTTCGAGCCTCAGCGTCAGTTACAGACCAGAGAGCCGCTTTCGCCACCGGTGTTCCTCCATATATCTACGCATTTCACCGCTACACATGGAATTCCACTCTCCCCTTCTGCACTCAAGTTTGACAGTTTCCAAAGCGAACTATGGTTGAGCCACAGCCTTTAACTTCAGACTTATCAAACCGCCTGCGCTCGCTTTACGCCCAATAAATCCGGACAACGCTCGGGACCTACGTATTACCGCGGCTGCTGGCACGTAGTTAGCCGTCCCTTTCTGGTAAGCTACCGTCACAGTGTGAACTTTCCACTCTCACACTCGTTCTTGACTTACAACAGAGCTTTACGATCCGAAAACCTTCTTCACTCACGCGGCGTTGCTCGGTCAGGGTTGCCCCCATTGCCGAAGATTCCCTA","Bacteria","Firmicutes","Bacilli","Lactobacillales","Streptococcaceae","Streptococcus"
"CCTGTTTGCTCCCCACGCTTTCGAGCCTCAACGTCAGTTACCGTCCAGTAAGCCGCCTTCGCCACTGGTGTTCCTCCTAATATCTACGCATTTCACCGCTACACTAGGAATTCCGCTTACCCCTCCGGCACTCAAGTATGACAGTTTCCAATGCAGTCCACAGGTTGAGCCCATGCCTTTCACATCAGACTTGCCACACCGTCTACGCTCCCTTTACACCCAGTAAATCCGGATAACGCTTGCCCCCTACGTATTACCGCGGCTGCTGGCACGTAGTTAGCCGGGGCTTCTTAGTCAGGTACCGTCACTATCTTCCCTGCTGATAGAAGTTTACATACCGAGATACTTCTTCCTTCACGCGGCGTCGCTGCATCAGGGTTTCCCCCATTGTGCAATATTCCCCA","Bacteria","Firmicutes","Clostridia","Clostridiales","Lachnospiraceae","Blautia"
"CCTGTTTGCTCCCCACGCTTTCGAGCCTCAGCGTCAGTAATCGTCCAGTAAGCCGCCTTCGCCACCGGTGTTCCTCCTAATATCTACGCATTTCACCGCTACACTAGGAATTCCGCTTACCCCTCCGACACTCTAGCCTGACAGTTTCAAAAGCAATTCCGGGGTTGAGCCCCAGGCTTTCACTTCTGACTTGCCATGCCGCCTACGCTCCCTTTACACCCAGTAAATCCGGATAACGCTTGCCCCATACGTATTACCGCGGCTGCTGGCACGTATTTAGCCGGGGCTTCTTAGTCAAGTACCGTCATTTTCTTCCTTGCTGATAGAAGTTTACATACCGAAATACTTCTTCCTTCACGCGGCGTCGCTGCATCAGGGTTTCCCCCATTGTGCAATATTCCCTA","Bacteria","Firmicutes","Clostridia","Clostridiales","Lachnospiraceae",NA
"CCTGTTTGATACCCACACTTTCGAGCCTCAATGTCAGTTGCAGCTTAGCAGGCTGCCTTCGCAATCGGAGTTCTTCGTGATATCTAAGCATTTCACCGCTACACCACGAATTCCGCCTGCCTCAACTGCACTCAAGACATCCAGTATCAACTGCAATTTTACGGTTGAGCCGCAAACTTTCACAACTGACTTAAACATCCATCTACGCTCCCTTTAAACCCAATAAATCCGGATAACGCTCGGATCCTCCGTATTACCGCGGCTGCTGGCACGGAGTTAGCCGATCCTTATTCATAAAGTACATGCAAACGGGTATGCATACCCGACTTTATTCCTTTATAAAAGAAGTTTACAACCCATAGGGCAGTCATCCTTCACGCTACTTGGCTGGTTCAGGCCATCGCCCATTGACCAATATTCCTCA","Bacteria","Bacteroidetes","Bacteroidia","Bacteroidales","Bacteroidaceae","Bacteroides"
"CCTGTTTGCTCCCCACGCTTTCGCGCCTCACCGTCAGTTGTCGTCCAGTAATCCGCCTTCGCCACTGGTGTTCTTCCTAATATCTACGCATTTCACCGCTACACTAGGAATTCCGATTACCTCTCCGATACTCAAGGGAAGCAGTTTCAAATGCAGTTCGCGGGTTGAGCCCGCGGATTTCACATCTGACTTGCCTCTCCGGCTGCACGCCCTTTACACCCAGTAAATCCGGACAACGCTTGCCACCTACGTATTACCGCGGCTGCTGGCACGTAGTTAGCCGTGGCTTATTCAAGGGGTACCGTCTTCTACTCTTCCCCCTTAAAAGAAGTTTACAACCCGAAAGCCTTCTTCCTTCACGCGGCGTTGCTGGGTCAGACTTGCGTCCATTGCCCAATATTCCCCA","Bacteria","Firmicutes","Clostridia","Clostridiales","Ruminococcaceae",NA
"CCTGTTTGATACCCGCACTTTCGAGCCTCAGCGTCAGTTGCACCCCGGATACCTGCCTTCGCGATCGGAGTTCTTCATGATATCTGAGCATTTCACCGCTACACCATGAATTCCAGCATCCCTGTGTGCACTCAAGACTCCCAGTATCAACTGCAGTCTACGGGTTAAGCCCATAGTTTTCACAGCTGACTTGGCATCCCGCCTACGCTCCCTTTACACCCAGTAATTCCGGACAACGCTTGCCACCTACGTATTACCGCGGCTGCTGGCACGTAGTTAGCCGTGGCTTGCTCCTTAGCTACCGTCATTATTCTTCACTAAGAACAGAAGTTTACAATCCGAAAACCGTCTTCCTTCACGCGGCGTTGCTGCATCAGGGTTTCCCCCATTGTGCAATATTCCCCA","Bacteria","Firmicutes","Clostridia","Clostridiales","Ruminococcaceae",NA
"CCTGTTTGCTCCCCACGCTTTCGAGCCTCAACGTCAGTTACCGTCCAGTAAGCCGCCTTCGCCACTGGTGTTCTTCCTAATATCTACGCATTTCACCGCTACACTAGGAATTCCGCTTACCTCTCCGGCACTCGAGCCAGACAGTTTCCAATGCAGTCCCAGGGTTAAGCCCTGGGTTTTCACATCAGACTTGCCTTGCCGTCTACGCTCCCTTTACACCCAGTAAATCCGGATAACGCTTGCCCCCTACGTATTACCGCGGCTGCTGGCACGTAGTTAGCCGGGGCTTCTTAGTCAGGTACCGTCATTATCTTCCCTGCTGATAGAGCTTTACATACCGAAATACTTCTTCGCTCACGCGGCGTCGCTGCATCAGGGTTTCCCCCATTGTGCAATATTCCCCA","Bacteria","Firmicutes","Clostridia","Clostridiales","Lachnospiraceae","Fusicatenibacter"
"CCTGTTTGCTCCCCACGCTTTCGAGCCTCAACGTCAGTTACTGTCCAGTAAGCCGCCTTCGCCACTGGTGTTCCTCCTAATATCTACGCATTTCACCGCTACACTAGGAATTCCGCTTACCTCTCCAGCACTCTAGTTAAACAGTTTCCAAAGCAGTCCCGGGGTTGAGCCCCGGGCTTTCACTTCAGACTTGCTTTACCGTCTACGCTCCCTTTACACCCAGTAAATCCGGATAACGCTTGCCCCCTACGTATTACCGCGGCTGCTGGCACGTAGTTAGCCGGGGCTTCTTAGTCAGGTACCGTCATTATCTTCCCTGCTGATAGAGCTTTACATACCGAAATACTTCTTCGCTCACGCGGCGTCGCTGCATCAGGGTTTCCCCCATTGTGCAATATTCCCCA","Bacteria","Firmicutes","Clostridia","Clostridiales","Lachnospiraceae","Lachnoclostridium"
"CCTGTTTGATACCCACACTTTCGAGCATGAACGTCAGTTACAGTTTAGCAAGCTGCCTTCGCAATCGGGGTTCTTCGTGATATCTAAGCATTTCACCGCTACACCACGAATTCCGCCTGCCTCAACTGCACTCAAGGAAACCAGTATCAACTGCAATTTTACGGTTGAGCCGCAAACTTTCACAACTGACTTAATCTCCCGTCTGCGCTCCCTTTAAACCCAATAAATCCGGATAACGCTCGCATCCTCCGTATTACCGCGGCTGCTGGCACGGAGTTAGCCGATGCTTATTCATACGGTACATACAAAATCCTACACGTAGGAAACTTTATTCCCGTATAAAAGAAGTTTACAATCCGTAGGACCTTCATCCTTCACGCTACTTGGCTGGTTCAGGCTCTCGCCCATTGACCAATATTCCTCA","Bacteria","Bacteroidetes","Bacteroidia","Bacteroidales","Bacteroidaceae","Bacteroides"
"CCTGTTTGCTCCCCACGCTTTCGAGCCTCAACGTCAGTCATCGTCCAGAAAGCCGCCTTCGCCACTGGTGTTCCTCCTAATATCTACGCATTTCACCGCTACACTAGGAATTCCGCTTTCCTCTCCGACACTCTAGCCTGACAGTTCCAAATGCAGTCCCGGGGTTGAGCCCCGGGCTTTCACATCTGGCTTGCCATGCCGTCTACGCTCCCTTTACACCCAGTAAATCCGGATAACGCTTGCCCCCTACGTATTACCGCGGCTGCTGGCACGTAGTTAGCCGGGGCTTCTTAGTCAGGTACCGTCATTATCTTCCCTGCTGATAGAGCTTTACATACCGAAATACTTCTTCGCTCACGCGGCGTCGCTGCATCAGGGTTTCCCCCATTGTGCAATATTCCCCA","Bacteria","Firmicutes","Clostridia","Clostridiales","Lachnospiraceae",NA
"CCTGTTTGCTCCCCACGCTTTCGCGCCTCAGCGTCAGTTACTGTCCAGCAATCCGCCTTCGCCACTGGTGTTCCTCCGTATATCTACGCATTTCACCGCTACACACGGAATTCCGATTGCCTCTCCAGCACTCAAGAACTACAGTTTCAAATGCAGGCCACAGGTTGAGCCCGTGGTTTTCACATCTGACTTGCAATCCCGCCTACACGCCCTTTACACCCAGTAAATCCGGATAACGCTTGCCACCTACGTATTACCGCGGCTGCTGGCACGTAGTTAGCCGTGGCTTATTCCTTAGGTACCGTCACTTGCTTCGTCCCTAAGAAAAGAAGTTTACAACCCGAGGGCCTTCTTCCTTCACGCGGCGTTGCTGGGTCAGGCTTGCGCCCATTGCCCAATATTCCCCA","Bacteria","Firmicutes","Clostridia","Clostridiales","Ruminococcaceae","Flavonifractor"
"CCTGTTTGCTCCCCACGCTTTCGAGCCTCAACGTCAGTTACTGTCCAGCAAGCCGCCTTCGCCACTGGTGTTCCTCCTAATATCTACGCATTTCACCGCTACACTAGGAATTCCGCTTGCCTCTCCAGCACTCTAGCCCAACAGTTTCCAAAGCAGTTCCCGGGTTGAGCCCGGGGATTTCACTTCAGACTTGCTGTGCCGTCTACGCTCCCTTTACACCCAGTAAATCCGGATAACGCTTGCCCCCTACGTATTACCGCGGCTGCTGGCACGTAGTTAGCCGGGGCTTCTTAGTCAGGTACCGTCATTATCTTCCCTGCTGATAGAGCTTTACATACCGAAATACTTCTTCGCTCACGCGGCGTCGCTGCATCAGGGTTTCCCCCATTGTGCAATATTCCCCA","Bacteria","Firmicutes","Clostridia","Clostridiales","Lachnospiraceae",NA
"CCTGTTCGCTCCCCACGCTTTCGAGCCTCAGCGTCAGTTACAGTCCAGAAAGCCGCCTTCGCCACTGGTGTTCCTCCTAATATCTACGCATTTCACCGCTACACTAGGAATTCCGCTTTCCTCTCCTGCACTCAAGAAAGATAGTTTCCATCCCCTCACGGGGTTGAGCCCCGCACTTTTAAGATAGACTTACCTTCCCGCCTGCGCTCCCTTTACGCCCAATAATTCCGGACAACGCTCGCCACCTACGTATTACCGCGGCTGCTGGCACGTAGTTAGCCGTGGCTTCCTCGTCAGGCACCGTCATTGAAAATGGTTATTCACCATCTCCACATTCGTCCCCGACAACAGAGCTTTACGAGTCGAAACCCTTCTTCACTCACGCGGCGTTGCTCCGTCAGGCTTGCGCCCATTGCGGAAGATTCCCCA","Bacteria","Firmicutes","Negativicutes","Selenomonadales","Veillonellaceae","Mitsuokella"
"CCTGTTCGATACCCGCACTTTCGAGCTTCAGCGTCAGTTGCGCTCCAGTGAGCTGCCTTCGCAATCGGAGTTCTTCGTGATATCTAAGCATTTCACCGCTACACCACGAATTCCGCCTACCTCTGTTGCACTCAAGGTCGCCAGTATCAACTGCAATTTTACGGTTGAGCCGCAAACTTTCACAACTGACTTAACAACCCGCCTACGCTCCCTTTAAACCCAATAAATCCGGATAACGCTCGGATCCTCCGTATTACCGCGGCTGCTGGCACGGAGTTAGCCGATCCTTATTCATACGGTACATACAAAAAGCCACACGTGGCTAACTTTATTCCCGTATAAAAGAAGTTTACAACCCATAGGGCAGTCATCCTTCACGCTACTTGGCTGGTTCAGACTCTCGTCCATTGACCAATATTCCTCA","Bacteria","Bacteroidetes","Bacteroidia","Bacteroidales","Bacteroidaceae","Bacteroides"
"CCTGTTTGCTCCCCACGCTTTCGAGCCTCAACGTCAGTGATCGTCCAGTAAGCCGCCTTCGCCACTGGTGTTCCTCCTAATATCTACGCATTTCACCGCTACACTAGGAATTCCGCTTACCTCTCCGACACTCTAGTTACATAGTTTCCAATGCAGTCCCGGGGTTGAGCCCCGGGCTTTCACATCAGACTTACACAACCGTCTACGCTCCCTTTACACCCAGTAAATCCGGATAACGCTTGCCCCCTACGTATTACCGCGGCTGCTGGCACGTAGTTAGCCGGGGCTTCTTAGTCAGGTACCGTCATTTTCTTCCCTGCTGATAGAGCTTTACATACCGAAATACTTCTTCACTCACGCGGCGTCGCTGCATCAGGGTTTCCCCCATTGTGCAATATTCCCCA","Bacteria","Firmicutes","Clostridia","Clostridiales","Lachnospiraceae","Tyzzerella_4"
"CCTGTTTGCTACCCACGCTTTCGCGCTTTAGCGTCAGTATCTGTCCAGTAAGCTGGCTTCCCCATCGGCATTCCTACAAATATCTACGAATTTCACCTCTACACTTGTAGTTCCGCTTACCTCTCCAGTACTCTAGTTATACAGTTTCCAACGCAATACAGAGTTGAGCCCTGCATTTTCACATCAGACTTACATAACCACCTAGACGCGCTTTACGCCCAATAAATCCGGATAACGCTTGTGACATACGTATTACCGCGGCTGCTGGCACGTATTTAGCCGTCACTTCTTCTGTTGGTACCGTCATTTTTTTCTTCCCAACTGAAAGCACTTTACATTCCGAAAAACGTCATCGTGCACACAGAATTGCTGGATCAGACTTTTGGTCCATTGTCCAATATTCCCCA","Bacteria","Fusobacteria","Fusobacteriia","Fusobacteriales","Fusobacteriaceae","Fusobacterium"
"CCTGTTTGCTCCCCACGCTTTCGTGCATCAGCGTCAGTTGTAGCCTAGATGACCGCCTTCGCCACCGGTGTTCCTCCTAATATCTAAGAATTTCACCTCTACACTAGGAATTCCATCATCCCCTACTACACTCTAGATTAGTAGTTTTGAAAGCAGTTCCGAGGTTAAGCCTCGGGCTTTCACTTCCAACTTACTAAACCGCCTACGCACTCTTTACGCCCAGTAATTCCGAACAACGCTAGCCCCCTCCGTCTTACCGCGGCTGCTGGCACGGAGTTAGCCGGGGCTTTCTTGGTCAGGTACCGTCATTATCTTCCCTGCTGAAAAGGGCTTTACAACCCTAAGGCCTTCGTCACCCACTCGGTATTGCTGGATCAGGCTTTCGCCCATTGTCCAATATTCCCCA","Bacteria","Proteobacteria","Alphaproteobacteria","Rickettsiales","Rickettsiaceae","Rickettsia"
"CCTGTTTGCTACCCATGCTTTCGAGCCTCAGCGTCAGTTGGTGCCCAGTAGACCGCCTTCGCCACTGGTGTTCCTCCCGATATCTACGCATTCCACCGCTACACCGGGAATTCCATCTACCTCTGCACTACTCAAGAAAAACAGTTTTGAAAGCAATTCATGGGTTGAGCCCATGGTTTTCACTTCCAACTTGTCTTCCCGCCTGCGCTCCCTTTACACCCAGTAATTCCGGACAACGCTTGCACCCTACGTTTTACCGCGGCTGCTGGCACGTAGTTAGCCGGTGCTTTCTTGTTAGGTACCGTCATTATCGTCCCTAACGACAGGAGTTTACAATCCGAAAACCTTCTTCCTCCACGCGGCGTCGCTGCATCAGGGTTTCCCCCATTGTGCAATATCCCCCA","Bacteria","Firmicutes","Clostridia","Clostridiales","Ruminococcaceae","Subdoligranulum"
"CCTGTTCGCTCCCCACGCTTTCGTGCCTCAGCGTCAGTTACAGTCCAGAAAGCCGCCTTCGCTACTGGTGTTCCTCCGAATATCTACGCATTTCACCGCTACACTCGGAATTCCGCTTTCCTCTCCTGCACTCTAGCAACTCAGTTTCAGATGCAGTCTCAAGGTTGAGCCCTGAGTTTTCACATCTGACTTAAATCGCCGCCTACGCACCCTTTACACCCAGTAATTCCGGATAACGCTTGCCCCCTACGTATTACCGCGGCTGCTGGCACGTAGTTAGCCGGGGCTTCTTAGTCAGGTACCGTCATGGTTTCTTCCCTGCTGATAGAAGTTTACAATCCGAAGACCTTCATCCTTCACGCGGCGTCGCTGCATCAGGCTTGCGCCCATTGTGCAATATTCCCCA","Bacteria","Firmicutes","Clostridia","Clostridiales","Lachnospiraceae","Epulopiscium"
"CCTGTTTGCTCCCCACGCTTTCGCGCCTCAGCGTCAGTTTCAGTCCAGAAAGCCGCCTTCGCCACTGGTGTTCCTACCGATCTCTACGCATTTCACCGCTACACCGGTAATTCCGCTTTCCTCTCCTGCACTCCAGCCCACCAGTATCCAAAGCAATTCCCACCTTGAAAGCAGGACTTTCACTCCAGACTTAGCAGGCCGCCTACGCGCCCTTTACGCCCAATCATTCCGGACAACGCTCGCCCCCTACGTATTACCGCGGCTGCTGGCACGTAGTTAGCCGGGGCTTCCTCCTATGGTACCGTCACTTCCTTCGTCCCATAGGACAGAGGTTTACGAGCCGAAACCCTTCTTCCCTCACGCGGCGTTGCTGGGTCAGGCTTTCGCCCATTGCCCAATATTCCCCA","Bacteria","Firmicutes","Clostridia","Clostridiales","Christensenellaceae","Christensenellaceae_R-7_group"
"CCTGTTTGCTCCCCACGCTTTCGAGCCTCAGCGTCAGTTACAGACCAGAGAGCCGCTTTCGCCACCGGTGTTCCTCCATATATCTACGCATTTCACCGCTACACATGGAATTCCACTCTCCCCTTCTGCACTCAAGTCTAACAGTTTCCAAAGCGAACAATGGTTAAGCCACTGCCTTTAACTTCAGACTTATTAAACCGCCTGCGCTCGCTTTACGCCCAATAAATCCGGACAACGCTCGGGACCTACGTATTACCGCGGCTGCTGGCACGTAGTTAGCCGTCCCTTTCTGGTAAGTTACCGTCACTGTGTGAACTTTCCACTCTCACACACGTTCTTCTCTTACAACAGAGCTTTACGATCCGAAAACCTTCTTCACTCACGCGGCGTTGCTCGGTCAGGGTTGCCCCCATTGCCGAAGATTCCCTA","Bacteria","Firmicutes","Bacilli","Lactobacillales","Streptococcaceae","Streptococcus"
"CCTGTTTGCTCCCCACGCTTTCGCACCTCAGTGTCAGTATGAGCCCAGGTGGTCGCCTTCGCCACTGGTGTTCCTTCCTATATCTACGCATTTCACCGCTACACAGGAAATTCCACCACCCTCTGCCCTACTCTAGCTCGCCAGTTTTGGATGCAGTTCCCAGGTTGAGCCCGGGGCTTTCACATTCAACTTAACGAACCACCTACGCGCGCTTTACGCCCAGTAATTCCGATTAACGCTTGCACCCTCTGTATTACCGCGGCTGCTGGCACAGAGTTAGCCGGTGCTTATTCTGTCGGTAACGTCAAAACAGCAAGGTATTCGCTTACTGCCCTTCCTCCCAACTTAAAGTGCTTTACAATCCGAAGACCTTCTTCACACACGCGGCATGGCTGGATCAGGCTTTCGCCCATTGTCCAATATTCCCCA","Bacteria","Proteobacteria","Gammaproteobacteria","Pseudomonadales","Pseudomonadaceae","Pseudomonas"
"CCTGTTTGCTACCCACGCTTTCGAGCCTCAGCGTCAGTTACAGACCAGAGAGTCGCCTTCGCCACTGGTGTTCCTCCATATATCTACGCATTTCACCGCTACACATGGAATTCCACTCTCCTCTTCTGCACTCAAGTTCCCCAGTTTCCAATGACCCTCCCCGGTTGAGCCGGGGGCTTTCACATCAGACTTAAGGAACCGCCTGCGCTCGCTTTACGCCCAATAAATCCGGACAACGCTTGCCACCTACGTATTACCGCGGCTGCTGGCACGTAGTTAGCCGTGGCTTTCTGGTTAGATACCGTCAAGGCGCTAACAGTTACTCTAGCACTTGTTCTTCTCTAACAACAGAGTTTTACGATCCGAAAACCTTCTTCACTCACGCGGCGTTGCTCCGTCAGACTTGCGTCCATTGCGGAAGATTCCCTA","Bacteria","Firmicutes","Bacilli","Lactobacillales","Carnobacteriaceae","Granulicatella"
"CCCATTCGCTCCCCTAGCTTTCGTCTCTCAGTGTCAGTGTCGGCCCAGCAGAGTGCTTTCGCCGTTGGTGTTCTTTCCGATCTCTACGCATTTCACCGCTCCACCGGAAATTCCCTCTGCCCCTACCGTACTCAAGCTTGGTAGTTTCCACCGCCTGTCCAGGGTTGAGCCCTGGGATTTGACGGCGGACTTAAAAAGCCACCTACAGACGCTTTACGCCCAATCATTCCGGATAACGCTTGCATCCTCTGTATTACCGCGGCTGCTGGCACAGAGTTAGCCGATGCTTATTCCCCAGATACCGTCATTGCTTCTTCTCTGGGAAAAGAAGTTCAGGACCCGTAGGCCTTCTACCTCCACGCGGCATTGCTCCGTCAGGCTTTCGCCCATTGCGGAAAATTTCCCA","Bacteria","Cyanobacteria","Oxyphotobacteria","Chloroplast",NA,NA
"CCTGTTTGCTCCCCACGCTTTCGTGCCTCAGTGTCAGTTTCAGTCCAGTAAGCCGCCTTCGCCACTGATGTTCCTCCTAATATCTACGCATTTCACCGCTACACTAGGAATTCCGCTTACCTCTCCTGCACTCTAGTCTGACAGTTTCAAAAGCAGTCCCAGAGTTAAGCCCTGGGTTTTCACTTCTGACTTGCCATACCACCTACGCACCCTTTACACCCAGTAATTCCGGATAACGCTCCCTTTACACCCAGTAAATCCGGATAACGCTTGCCCCCTACGTATTACCGCGGCTGCTGGCACGTAGTTAGCCGGGGCTTCTTAGTCAGGTACCGTCATTTTCTTCCCTGCTGATAGAGCTTTACATACCGAAATACTTCTTCACTCACGCGGCGTTGCTGCATCAGGGTTTCCCCCATTGTGCAATATTCCCCA","Bacteria","Firmicutes","Clostridia","Clostridiales","Lachnospiraceae","Anaerostipes"
"CCTGTTCGCTCCCCACGCTTTCGCTCCTCAGCGTCAGTAACGGCCCAGAGACCTGCCTTCGCCATTGGTGTTCTTCCCGATATCTACACATTCCACCGTTACACCGGGAATTCCAGTCTCCCCTACCGCACTCCAGCCCGCCCGTACCCGGCGCAGATCCACCGTTAAGCGATGGACTTTCACACCGGACGCGACGAACCGCCTACGAGCCCTTTACGCCCAATAATTCCGGATAACGCTTGCACCCTACGTATTACCGCGGCTGCTGGCACGTAGTTAGCCGGTGCTTATTCGAAAGGTACACTCACCCGAAGGCTTGCTCCCGATCAAAAGCGGTTTACAACCCGAAGGCCGTCATCCCGCACGCGGCGTCGCTGCATCAGGCTTGCGCCCATTGTGCAATATTCCCCA","Bacteria","Actinobacteria","Actinobacteria","Bifidobacteriales","Bifidobacteriaceae","Bifidobacterium"
"CCTGTTTGCTCCCCACGCTTTCGTGCATGAGCGTCAGTCGCATCCCAGGGGGCTGCCTTCGCCATTGGTGTTCTTCCAAATATCTACGCATTTCACTGCTACACTTGGAATTCCACCCCCCTCTGATGAACTCTAGTCCTGCAGTCACAAATGCAATTCCCAGGTTGAGCCCGGGGATTTCACATCTGTCTTACAGAACCGCCTGCGCACGCTTTACGCCCAGTAATTCCGATTAACGCTTGCACCCTACGTATTACCGCGGCTGCTGGCACGTAGTTAGCCGGTGCTTATTCTTCAGGTACCGTCAGCAGACCATGGTATTAACACGGTCCTTTTCGTCCCTGACAAAAGCAGTTTACAACCCGAAGGCCTTCATCCTGCACGCGGCATGGCTGGATCAGGGTTGCCCCCATTGTCCAAAATTCCCCA","Bacteria","Proteobacteria","Gammaproteobacteria","Betaproteobacteriales","Burkholderiaceae","Sutterella"
"CCTGTTTGCTACCCACACTTTCGAGCCTCAGCGTCAGTTGGTGCCCAGTAGGCCGCCTTCGCCACTGGTGTTCCTCCCGATATCTACGCATTCCACCGCTACACCACGAATTCCGCCTGCCTCAACCGTACTCAAGGTCTCCAGTTTCAACTGCAATTTTAAGGTTGAGCCCCAAACTTTCACAGCTGACTTAAAAACCCGTCTACGCTCCCTTTAAACCCAATAAATCCGGATAACGCTCGCATCCTCCGTATTACCGCGGCTGCTGGCACGGAGTTAGCCGATGCTTATTCGTTACGGTACATGCAAAAGCCTACACGTAGGCTCCTTTATTCCCGCACAAAAGAAGTTTACAACCCGTAGGGCCGTCATCCTTCACGCTACTTGGCTGGTTCAGGCTCTCGCCCATTGACCAATATTCCTCA","Bacteria","Bacteroidetes","Bacteroidia","Bacteroidales","Bacteroidaceae","Bacteroides"
"CCTGTTTGCTCCCCACGCTTTCGAGCCTCAGCGTCAGTTACAGTCCAGAGAATCGCCTTCGCCACTGGTGTTCTTCCTAATCTCTACGCATTTCACCGCTACACTAGGAATTCCATTCTCCTCTCCTGCACTCTAGACTTCCAGTTTGAAATGCAGCACCCAAGTTGAGCCCGGGTATTTCACATCTCACTTAAAAGTCCGCCTACGCTCCCTTTACGCCCAGTAAATCCGGACAACGCTCGCCACCTACGTATTACCGCGGCTGCTGGCACGTAGTTAGCCGTGGCTTCCTCCTCAGGTACCGTCATTATCGTCCCTGAAGACAGAGCTTTACAACCCGAAGGCCGTCATCACTCACGCGGCGTTGCTGCATCAGGGTTTCCCCCATTGTGCAATATTCCCCA","Bacteria","Firmicutes","Clostridia","Clostridiales","Clostridiaceae_1","Clostridium_sensu_stricto_1"
"CCTGTTTGCTCCCCACGCTTTCGAGCCTCAACGTCAGTTACAGTCCAGTAAGCCGCCTTCGCCACTGGTGTTCCTCCTAATATCTACGCATTTCACCGCTACACTAGGAATTCCGCTTACCTCTCCTGCACTCCAGCTGCACAGTTTCCAAAGCAGTTCCATGGTTAAGCCATGGGATTTCACTTCAGACTTGCGCTGCCGTCTACGCTCCCTTTACACCCAGTAAATCCGGATAACGCTTGCCCCCTACGTATTACCGCGGCTGCTGGCACGTAGTTAGCCGGGGCTTCTTAATCAGGTACCGTCTGGCGACCCAAAGGTCGCTATTTCTTCCCTGCTGATAGAGCTTTACATACCGAAATACTTCTTCACTCACGCGGCGTCGCTGCATCAGGGTTTCCCCCATTGTGCAATATTCCCCA","Bacteria","Firmicutes","Clostridia","Clostridiales","Lachnospiraceae","Lachnospiraceae_NK4A136_group"
"CCTGTTTGCTCCCCACGCTTTCGTGCATGAGCGTCAATCTTGACCCAGGGGGCTGCCTTCGCCATCGGTGTTCCTCCACATCTCTACGCATTTCACTGCTACACGTGGAATTCTACCCCCCTCTGCCAGATTCTAGCCTTGCAGTCTCCATCGCAATTCCCAGGTTGAGCCCGGGGATTTCACGACAGACTTACAAAACCGCCTGCGCACGCTTTACGCCCAGTAATTCCGATTAACGCTTGCACCCTACGTATTACCGCGGCTGCTGGCACGTAGTTAGCCGGTGCTTATTCTTACGGTACCGTCATGACTCCAGGGTATTAACCCGAAGCTTTTCGTTCCGTACAAAAGCAGTTTACAACCCGAAGGCCTTCATCCTGCACGCGGCATTGCTGGATCAGGCTTTCGCCCATTGTCCAAAATTCCCCA","Bacteria","Proteobacteria","Gammaproteobacteria","Betaproteobacteriales","Burkholderiaceae",NA
"CCTGTTTGCTACCCACGCTTTCGTGCCTCAGCGTCAGTTAAAGCCCAGCAGGCCGCCTTCGCCACTGGTGTTCCTCCCCATCTCTACGCATTTCACCGCTACACGGGGAATTCCGCCTGCCTCTACTTCACTCAAGCTCTACAGTTTCAAATGCAGTTTATGGGTTGAGCCCATAGATTTCACATCTGACTTGCAAAGCCGCCTACGCACCCTTTACACCCAGTAAATCCGGACAACGCTTGCTCCCTACGTATTACCGCGGCTGCTGGCACGTAGTTAGCCGGAGCTTATTCATTAAGTACCGTCATTTTTCGTCCTTAATAAAAGAAGTTTACAATCCGAAAACCTTCATCCTTCACGCGGCGTTGCTGCGTCAGGGTTGCCCCCATTGCGCAATATCCCCCA","Bacteria","Firmicutes","Clostridia","Clostridiales","Ruminococcaceae","Ruminococcus_2"
"CCTGTTTGTGCTCTGTGCCTTCGTCCTTTAACGTCAGTTTCTACATAGAGGGCTGCCTTCGCCTTTACCGAGTCCCTTTGGTATCATAGAATTTCATCTCTCCTCCTCAAGTACTGCCCTCTTACATAAAACTCTAGTCAAGTACTAACATTATAGAAGCTATATTGACCGTCTAGGTACCCTTTAAACCTAATTAAGATGAATAACACTAGTCTCTTACGTATTACCGCGGCTGCTGCC","Bacteria","Proteobacteria","Alphaproteobacteria","Rickettsiales","Mitochondria",NA
"CCTATTTGCTCCCCACGCTTTCGTGCTTCAGTGTCAGAATCCAGACCAGACGGCCGCCTTCGCCACCGGTGTTCTTCCATATATCTACGCATTTTACCGCTACACATGGAGTTCCGCCGTCCTCTTCTGTTCTCTAGCTGATCAGTTTCCAGAGCCAGTACGGGTTGAGCCCATACCTTTTACTCCAGACTTGATCTGCCACCTACGCACCCTTTACGCCCAATCATTCCGGATAACGCTCGCCACCTACGTATTACCGCGGCTGCTGGCACGTAGTTAGCCGTGACTTTCTGGTAAGATACCATCACTCACTCATCATTCCCTATGAGTGCCGTTTTTCTCTTACAACAGAGCTTTACGATCCGAAGACCTTCCTCACTCACGCGGCATTGCTCGTTCAGGGTTCCCCCCATTGACGAAAATTCCCTA","Bacteria","Firmicutes","Erysipelotrichia","Erysipelotrichales","Erysipelotrichaceae","Holdemanella"
"CCCTTTCGCTCCCCTGGCCTTCGTGCCTCAGCGTCAGTTAATGTCCAGGAACCCGCCTTCGCCACGAGTGTTCCTCTCGATATCTACGCATTTCACTGCTACACCGAGAATTCCGGTTCCCCCTCCATTACTCTAGTCTCGCAGTATCATGTGCCGTCCGCGGGTTGAGCCCGCGCCTTTCACACACGACTTACGAAACAGCCTACGCACGCTTTACGCCCAGTGATTCCGAACAACGCTTGAGACCTCTGTATTACCGCGGCTGCTGGCACAGAGTTAGCCGTCTCTTCCTCTTGTGGTACTATCTTTTTAATTTGCTCCCACATGACAGGGGTTTACAATCCGAAGACCTTCATTCCCCCACGCGGCGTCGCACCATCAGGGTTTCCCCCATTGTGAATGATTCTCGA","Bacteria","Verrucomicrobia","Verrucomicrobiae","Verrucomicrobiales","Akkermansiaceae","Akkermansia"
"CCTGTTTGCTCCCCACGCTTTCGTGCCTCAGTGTCAGTTTCAGTCCAGTAAGCCGCCTTCGCCACTGATGTTCCTCCTAATATCTACGCATTTCACCGCTACACTAGGAATTCCGCTTACCTCTCCTGCACTCTAGTCTGACAGTTTCAAAAGCAGTCCCAGAGTTAAGCCCTGGGTTTTCACTTCTGACTTGCCATACCACCTACGCACCCTTTACACCCAGTAATTCCGGATAACGCTTGCCCCCTACGTATTACCGCGGCTGCTGGCACGTAGTTAGCCGGGGCTTCTTAGTCAGGTACCGTCATTTTCTTCCCTGCTGATAGAGCTTTACATACCGAGATACTTCTTCACTCACGCGGCGTCGCTGCATCAGGGTTTCCCCCATTGTGCAATATTCCCCA","Bacteria","Firmicutes","Clostridia","Clostridiales","Lachnospiraceae","Anaerostipes"
"CCTGTTCGCTCCCCACGCTTTCGTGCCTCAGCGTCAGTTACAGTCCAGAAAGCCGCCTTCGCTACTGGTGTTCCTCCGAATCTCTACGCATTTCACCGCTACACTCGGAATTCCGCTTTCCTCTCCTGCACTCTAGCAACTCAGTTTCAGATGCAGTCTCAAGGTTGAGCCCTGAGTTTTCACATCTGACTTAAATCGCCGCCTACGCACCCTTTACACCCAGTAATTCCGGATAACGCTCCCTTTACACCCAGTAAATCCGGATAACGCTTGCCCCCTACGTATTACCGCGGCTGCTGGCACGTAGTTAGCCGGGGCTTCTTAGTCAGGTACCGTCATTTTCTTCCCTGCTGATAGAGCTTTACATACCGAAATACTTCTTCACTCACGCGGCGTTGCTGCATCAGGGTTTCCCCCATTGTGCAATATTCCCCA","Bacteria","Firmicutes","Clostridia","Clostridiales","Lachnospiraceae","Epulopiscium"
"CCTGTTTGCTCCCCACGCTTTCGTGCCTCAGTGTCAGTGTTGGTCCAGGTAGCTGCCTTCGCCATGGATGTTCCTCCCGATCTCTACGCATTTCACTGCTACACCGGGAATTCCACTACCCTCTACCACACTCTAGTCGCCCAGTATCCACTGCAATTCCCAGGTTGAGCCCAGGGCTTTCACAACAGACTTAAACAACCACCTACGCACGCTTTACGCCCAGTAATTCCGATTAACGCTCGCACCCTACGTATTACCGCGG","Bacteria","Proteobacteria","Gammaproteobacteria","Xanthomonadales","Xanthomonadaceae","Stenotrophomonas"
"CCTGTTTGCTACCCACGCTTTCGTGCCTCAGCGTCAAAACAGGCCCAGGAGGTTGCCTTCGCCATCGGTGTTCTTCCAGATATCTACGCATTTCACCGCTACACCTGGAGTTCCGCCTCCCTCTACCGTTTTCGAGTCTGACAGTATCGACCGCAATTCCCAGGTTAAGCCCGGGGCTTTCACAATCGACTTATCAAACCGCCTACGCACGCTTTACGCCCAGTAAATCCGATTAACGCTAGCACCCTCTGTATTACCGCGGCTGCTGGCACAGAGTTAGCCGGTGCTTATTCTGTCGGTACCGTCAAGGCTTCACGTATTAGGTGAAGCTTTTTCTTCCCAACTTAAAGTGCTTTACAACCCGAAGGCCTTCTTCACACACGCGGTATTGCTGGATCAGGCTTTCGCCCATTGTCCAATATTCCCCA","Bacteria","Proteobacteria","Gammaproteobacteria","Salinisphaerales","Solimonadaceae","Nevskia"
"CCCGTTTGCTACCCTGGCTTTCGCATCTCAGCGTCAGACACAGTCCAGAAAGGCGCCTTCGCCACTGGTGTTCCTCCCAATATCTACGCATTTCACCGCTACACTGGGAATTCCCCTTTCCTCTCCTGCACTCAAGACTTCCAGTATCCAACGCCATACGGGGTTAAGCCCCGCATTTTCACGTCAGACTTAAAAGCCCGCCTACATGCTCTTTACGCCCAATAATTCCGGACAACGCTTGCCACCTACGTATTACCGCGGCTGCTGGCACGTAGTTAGCCGTGGCTTCCTCGTTAGGTACCGTCAACACCATGACCTGTTCGAACACGGTGCTTTCGTCCCTAACAACAGAGTTTTACAATCCGAAGACCTTCATCACTCACGCGGCGTTGCTTCGTCAGACTTTCGTCCATTGCGGAAGATTCCCCA","Bacteria","Firmicutes","Negativicutes","Selenomonadales","Acidaminococcaceae","Acidaminococcus"
"CCTGTTCGCTCCCCACGCTTTCGAGCCTCAACGTCAGTTATGGTCCAGTAAGCCGCCTTCGCCACCGGTGTTCCTCCTGATATCTACGCATTTCACCGCTACACCAGGAATTCCGCTTACCCCTCCCATACTCCAGCAAAACAGTTCCCAAAGCAGCTCCGCGGTTGGGCCGCGGGCTTCCACTTCAGGCTTACCTCGCCGTCTACGCTCCCTTTACACCCAGTAATTCCGGATAACGCTCCCTTTACACCCAGTAAATCCGGATAACGCTTGCCCCCTACGTATTACCGCGGCTGCTGGCACGTAGTTAGCCGGGGCTTCTTAGTCAGGTACCGTCATTTTCTTCCCTGCTGATAGAGCTTTACATACCGAAATACTTCTTCACTCACGCGGCGTCGCTGCATCAGGGTTTCCCCCATTGTGCAATATTCCCCA","Bacteria","Firmicutes","Clostridia","Clostridiales","Lachnospiraceae",NA
"CCTGTTTGATCCCCACGCTTTCGTGCATCAGCGTCAGTCATGGCTTGGCAGGCTGCCTTCGCAATCGGGGTTCTGCGTGATATCTAAGCATTTCACCGCTACACCACGCATTCCGCCTGCCTCAAACATACTCAAGCCCCCCAGTTTCAACGGCAATTCTATGGTTGAGCCACAGACTTTCACCGCTGACTTAAAAGGCCGCCTACGCACCCTTTAAACCCAATAAATCCGGATAACGCTCGGATCCTCCGTATTACCGCGGCTGCTGGCACGGAGTTAGCCGATCCTTATTCATAAAGTACATGCAAACGGGTATGCATACCCGACTTTATTCCTTTATAAAAGAAGTTTACAACCCATAGGGCAGTCATCCTTCACGCTACTTGGCTGGTTCAGGCCATCGCCCATTGACCAATATTCCTCA","Bacteria","Bacteroidetes","Bacteroidia","Bacteroidales","Tannerellaceae","Parabacteroides"
